"paragraph","nrc_sentiment","no_of_interactions","sentence_id","joy","anticipation","surprise","trust","anger","sadness","disgust","fear","Valence","Arousal","Dominance"
" Harry has returned to the Dursley for the summer holiday in mid- , and things are very bad for Harry . Over the summer , Dursley have become so fearful of Harry 's new-found magical abilities that they have locked away all of Harry 's magical supplies -LRB- e.g. Harry 's wand , Harry 's broomstick , spellbooks , etc. -RRB- immediately after Harry 's arrival home . They have also banned Harry from saying words such as `` magic '' in the house , as evident in Vernon 's outburst at breakfast .",0.0875,4," 1 2 3",0.1333333333,0.1333333333,0.0666666667,0.0666666667,0.2333333333,0.2333333333,0.0333333333,0.1,0.97933,-0.677,0.69267
" This has become a problem for Harry Harry , who begins to worry about what Harry 's teachers at Hogwarts School of Witchcraft and Wizardry will think if Harry heads back to them without back homework done , and whether or not Harry 'll be banned from the Gryfindor House Quidditch team since Harry has not been able to practise .",-2.75,1," 4",0,0.1428571429,0,0.1428571429,0.1428571429,0.2857142857,0,0.2857142857,0.40636,-1.17182,0.70409
" The only thing Dursley let Harry keep in Harry 's room , however , is Hedwig , but have put a padded lock on Hedwig 's cage to keep Hedwig 's inside day and night to avoid suspicion from the neighbours . This does not go well for the bird , because every time Hedwig has become bored , Hedwig 's screech has rung throughout the house , causing an irritated Vernon to warn Harry that if Harry can not control Hedwig , Hedwig will have to go .",-1.65,2," 5 6",0,0.1428571429,0.1428571429,0.0714285714,0.1428571429,0.2142857143,0,0.2857142857,0.52258,-1.11242,0.5
" On  July -LRB- Harry 's twelfth birthday -RRB- , Harry has never felt so lonely , for Harry misses Hogwarts and Harry 's best friends there , Ronald and Hermione .",0.55,1," 7",0.1111111111,0.1111111111,0.1111111111,0,0.2222222222,0.2222222222,0.1111111111,0.1111111111,0.34333,-0.87833,0.34167
" Neither of them have written to him all summer , not even to send birthday wishes .",1.6,1," 8",0.3333333333,0.3333333333,0.3333333333,0,0,0,0,0,1.40429,-1.01143,0.77714
" The Dursley seem to have also forgotten his birthday , because they are too busy preparing for a dinner party meant for one of Vernon 's clients , MrMason , from whom Vernon is hoping to get a huge order .",1.5,1," 9",0.2,0.2,0.2,0,0,0.2,0,0.2,0.82,-1.01824,0.53588
" The only unchangeable thing on the Dursley 's schedule , however , is that Harry has to stay in Harry 's room for the night , making no noise and `` pretending Harry does n't exist '' .",-0.85,1," 10",0,0,0,0,0.6666666667,0.3333333333,0,0,0.46375,-1.19625,0.81792
" While Dudley and Vernon are preparing to drive into town to buy dinner jackets , Harry goes out into the garden in order to stay out of Harry 's Petunia 's way as Petunia is cleaning , singing happy birthday to Harry .",3.35,1," 11",0.3333333333,0.2222222222,0.1111111111,0.1111111111,0.1111111111,0.1111111111,0,0,1.37,-1.06111,1.01944
" Harry stares into the hedge , and sits bolt upright when Harry sees Dobby staring back at Harry among the leaves .",0.35,1," 12",0,0,0,0.3333333333,0.3333333333,0.3333333333,0,0,0.11778,-1.29778,0.80889
" When Dudley comes waddling over and wishes Dudley 's cousin a happy birthday , mocking Dudley with the lack of celebrations .",0.85,1," 13",0.2222222222,0.2222222222,0.1111111111,0.1111111111,0.1111111111,0.1111111111,0.1111111111,0,0.93889,-0.91889,0.89444
" Harry gets annoyed and scares Harry away by pretending to think of a spell meant to bur the bush bare out loud , but Petunia comes out when Dudley calls for Petunia and beats Petunia 's nephew with a soapy frying pan . Petunia then gives Harry some chores to do while Dudley and Vernon are gone , and once Harry is finished , it 's almost a half-hour before MrMason and MrsMason are due to arrive .",-0.5,2," 14 15",0,0.25,0,0.125,0.375,0.25,0,0,0.62333,-0.813,0.60933
" Harry goes up to Harry 's room without making a sound during the party as promised , but when Harry gets there , someone else is on Harry 's bed . The thing on Dudley 's bed , a house elf named Dobby , tells Harry that Dudley must not go back to Hogwarts , as it will be dangerous because terrible things are going to happen there . The elf , however , ca n't tell Dudley what things , and continues to be vague because every time Dudley gets close to letting something slip Dudley starts hurting Dudley .",-0.9166666667,3," 16 17 18",0,0.0952380952,0.0476190476,0,0.2857142857,0.1904761905,0.1428571429,0.2380952381,0.63362,-1.13575,0.38225
" In the process , Dudley makes a lot of noise , which is noticed by the group downstairs .",0,1," 19",0,0,0,0,0,0,0,0,0.42167,-1.04583,0.57083
" When Dudley hears Vernon coming upstairs -LRB- claiming that Dudley must have left the TV upstairs on -RRB- , Harry hides the elf in Harry 's closet right before Vernon comes in and scolds Harry 's nephew for making such a racket which has messed up the punchline of Dudley 's `` Japanese golfer joke '' .",0.9,1," 20",0,0.1666666667,0,0,0.3333333333,0.1666666667,0.1666666667,0.1666666667,0.52575,-0.95675,0.59325
" Dudley lets Dobby out as soon as Dudley 's uncle leaves , and insists that Dudley has to go back to Hogwarts since that 's where Dudley has friends despite them not writing to Dudley . But to Dobby then reveals that Dudley has stopped letters being sent to Harry , and offers them to Dudley if Harry will stay away from Hogwarts .",-0.2,2," 21 22",0,0,0,0,0.5,0.5,0,0,0.756,-1.34175,0.71875
" Harry refuses and , making a frustrated Dobby run downstairs and use a Hover Charm to smash the dinner party 's pudding . Harry is blamed for the incident once Dobby Disapparates , and Vernon shoos the shocked Masons into the dining room while Harry cleans up , promising to deprive the boy of an inch of Harry 's life . The evening is almost saved until an owl from the Ministry of Magic is promptly received -LRB- scaring away MrsMason , who is mortally afraid of birds -RRB- with a warning saying that Harry has violated the Decree for the Reasonable Restriction of Underage Sorcery , though Harry is not actually punished -LRB- possibly because it is only Harry 's first offence -RRB- . After realising that Harry is n't allowed to do magic outside of Hogwarts grounds , Vernon locks Harry in Harry 's room . Vernon reasons that if Harry uses magic to get Harry out , Harry will be expelled anyway .",-0.62,5," 23 24 25 26 27",0.0333333333,0.0666666667,0.0666666667,0.0333333333,0.3,0.2333333333,0.0666666667,0.2,0.57558,-0.75333,0.28275
" The Dursley 's punishment lasts for three days , until George , Ronald and Fred , worried about not hearing from Harry all summer , borrow George , Ronald and Fred 's father 's Flying and come to the rescue .",-0.9,1," 28",0.0769230769,0.0769230769,0.0769230769,0.1538461538,0.1538461538,0.1538461538,0.0769230769,0.2307692308,0.70773,-0.71409,0.60455
" George , Ronald and Fred are able to break the metal bars off Harry 's window and help Harry pick the lock to Harry 's door so that Harry can get Harry 's Nimbus  and trunk .",-0.25,1," 29",0,0,0.3333333333,0,0.3333333333,0.3333333333,0,0,0.58385,-1.36731,0.60692
" The Dursley discover Harry 's escape attempt , but by the time they can intervene , Harry , George , Ronald and Fred have got everything of Harry 's and have flown away .",-0.25,1," 30",0,0.5,0,0,0.1666666667,0.1666666667,0,0.1666666667,0.8555,-0.9,0.7285
" On the flight to the Burrow , Harry explains Dobby 's warning .",-0.5,1," 31",0,0,0,0,0.3333333333,0.3333333333,0,0.3333333333,0.68333,-1.09333,0.59667
" They all agree that it 's very fishy and speculate that Dobby most likely belongs to the Malfoys who sent Dobby to Harry as a joke since Lucius and Draco are an old wizarding family of great wealth . George and Fred tell Harry that Lucius Malfoy used to work for Voldemort but claimed that the Dark Lord bewitched him after Voldemort lost his powers . Harry is taken to the Burrow , George , Arthur , Ronald , Molly and Fred 's home , and Harry finds the house truly amazing .",0.2166666667,3," 32 33 34",0.0833333333,0,0,0.1666666667,0.25,0.4166666667,0.0833333333,0,0.99321,-0.84143,0.63893
" Since George , Ronald and Fred took the car without permission , George , Ronald and Fred are yelled at by Molly , who was waiting in the kitchen .",0.8,1," 35",0,0,0,0,0,0,0,0,0.40625,-1.0625,0.44625
" After George , Ronald and Fred 's scolding , she makes George , Ronald and Fred breakfast and has the three Weasley boys -LRB- and Harry who volunteered -RRB- de-gnome the garden refusing to use a technique from '' Gilderoy Lockhart 's Guide to Household Pests '' , and do it their own way .",1.15,1," 36",0.125,0,0,0.125,0.375,0.125,0.125,0.125,1.02714,-1.15143,0.82536
" Arthur soon comes home and is honoured to meet Harry after they are introduced to each other .",0.6,1," 37",0,0,0,0,0.5,0.5,0,0,1.12714,-1.29286,1.06286
" Molly , Arthur 's wife , yells at Arthur for enchanting the car .",0.5,1," 38",0.5,0.5,0,0,0,0,0,0,0.9725,-0.34875,0.4875
" Ginevra , who was enrolling at Hogwarts that year , is very obviously enamoured with Harry and spends most of the chapter hiding from Harry . Harry stays at the Burrow until Harry 's departure for Hogwarts . George , Arthur , Ronald , Molly and Fred make it clear that they all like Harry .",0.25,3," 39 40 41",0,0,0,0,0.375,0.5,0,0.125,0.91909,-1.39818,0.78273
" For example , Arthur insists that Harry sit next to Arthur during meals where Molly , who constantly deplores the state of Arthur 's hand me down clothes and how thin Arthur is , insists that Arthur eat extra food .",1.4,1," 42",0.2,0,0,0.4,0.2,0.2,0,0,0.97462,-1.07692,1.11538
" During that period , Arthur and the George , Arthur , Ronald , Molly and Fred travel to Diagon Alley with Floo in order to get their school supplies .",0,1," 43",0,0,0,1,0,0,0,0,0.45167,-0.79,0.92333
" Harry has difficulty with the smoke around Harry and says `` Diagon Alley '' unclearly , and thus Harry accidentally lands in a shop in the ill-reputed Knockturn Alley instead .",-1.35,1," 44",0,0,0.1,0,0.3,0.3,0.1,0.2,-0.1725,-0.85875,0.29125
" The shop is Borgin and Burkes , specialising in objects related to Dark magic . There Harry sees Lucius , father of Draco , Harry 's arch rival from school , selling items imbued with Dark magic to a dark arts salesman , Borgin .",-0.475,2," 45 46",0,0,0,0.4285714286,0.1428571429,0.4285714286,0,0,0.76278,-0.83556,0.40722
" Lucius Draco explains that the Ministry has been conducting raids on wizard houses in order to uncover illegal artefacts , so he is selling his more problematic possessions .",-1.6,1," 47",0.1111111111,0.1111111111,0.2222222222,0.1111111111,0.1111111111,0.1111111111,0.1111111111,0.1111111111,0.15133,-0.94333,0.48933
" He also expresses his disdain for a rumoured Muggle Protection Act , which he -LRB- rightly -RRB- assumes Arthur is behind .",0.55,1," 48",0,0,0,0,0.5,0,0.5,0,0.36667,-0.97667,0.885
" Harry leaves the shop to be found by Rubeus and taken back to Diagon Alley to reunite with the Weasleys and Hermione , who is also there with her parents .",0.6,1," 49",0.25,0,0,0.25,0.25,0.25,0,0,0.672,-1,0.448
" In Flourish and Blotts , he and George , Arthur , Ronald , Molly and Fred meet the famous wizard/author Gilderoy , who announces that he will be taking over as Hogwarts ' new Defence Against the Dark Arts teacher .",2.15,1," 50",0,0.2,0.2,0.4,0,0.2,0,0,1.18273,-0.97818,0.60727
" He then forces Harry to have Harry 's picture taken with him for the main page of the '' Daily Prophet '' .",1,1," 51",0,0.4,0,0.2,0.2,0.2,0,0,0.61875,-1.06625,0.63
" They also meet Lucius and Draco there .",0,1," 52",0,0,0,0,0,0,0,0,1.09,-1.29,0.89
" The elder Draco continuously taunts and insults Arthur and Arthur 's family and eventually Arthur lunges at Arthur . During the fight , Draco grabs one of the Weasleys ' second-hand books and after Rubeus breaks it up subsequently throws it back at Ginevra in contempt .",-1.675,2," 53 54",0,0,0,0.1666666667,0.3333333333,0,0.1666666667,0.3333333333,-0.13654,-0.77962,0.02
" It is time to return to Hogwarts and Harry and George , Arthur , Ronald , Molly and Fred arrives at King 's Cross Station on Flying , after several delays -LRB- Fred and George forgetting their broomsticks , and Ginevra forgetting her diary . -RRB-",-0.3,2," 55",0.1111111111,0.1111111111,0,0.1111111111,0.2222222222,0.2222222222,0,0.2222222222,0.26458,-1.25375,0.02208
" On the way to Hogwarts , when Harry and Ronald try to go through the barrier to Platform Nine and Three-Quarters after everyone else went through , the barrier is mysteriously sealed against Harry and Ronald .",-1,1," 56",0,0,0,0,0.6666666667,0.3333333333,0,0,0.441,-1.004,0.395
" Having missed the train , Harry and Ronald thus decide to fly Arthur 's flying Flying to Hogwarts .",-0.4,1," 57",0,0,0,0,0.3333333333,0.3333333333,0,0.3333333333,0.78667,-0.93833,0.56667
" Harry and Ronald end up getting spotted by many Muggles and crash into the Whomping Willow , the impact breaking Ronald 's wand .",-1.35,1," 58",0,0,0.2,0,0.2,0.4,0,0.2,-0.04438,-0.91812,-0.26125
" The giant tree starts pounding the car .",-0.4,1," 59",0.1428571429,0.1428571429,0.1428571429,0.1428571429,0.1428571429,0,0.1428571429,0.1428571429,1.08,-0.779,0.853
" The battered car manages to escape , ejecting Harry , Ronald , and their luggage , before quickly driving off into the Forbidden Forest .",-1.75,1," 60",0,0.1666666667,0,0,0.1666666667,0.3333333333,0,0.3333333333,0.59429,-0.87,0.67286
" After they make it to the castle , Severus catches the boys and attempts to have them expelled for being sighted and breaking wizard law to get to the castle .",-0.8,1," 61",0,0.3333333333,0.3333333333,0.3333333333,0,0,0,0,0.71929,-1.00036,0.47179
" Albus however , says Severus will send a letter to Harry and Ronald 's families .",0,1," 62",0,0.3333333333,0,0,0.3333333333,0.3333333333,0,0,1.014,-1.347,1.221
" Still , Minerva gives a warning and separate detentions to both boys .",-0.5,1," 63",0,0,0,0,0,0,0,1,0.2,-0.71,-0.11
" Minerva also tells them that Ginevra had been sorted into Gryffindor , providing them with Endless Sandwiches and disallowing them from attending the Start-of-Term Feast .",0.8,1," 64",0.2222222222,0.2222222222,0,0.2222222222,0.1111111111,0.1111111111,0,0.1111111111,1.01625,-0.8125,0.48125
" The next day , Ronald receives a Howler from Ronald 's Molly during breakfast in the Great Hall .",1.1,1," 65",0,0,0,0,0,0,0,0,1.856,-1.074,1.016
" Then , Minerva hands out timetables and the first class is Herbology with the Hufflepuffs .",0,1," 66",0,0,0,0,0,0,0,0,1.008,-0.928,0.712
" In the class , Professor Sprout teaches how to transplant Mandrake seedlings , which have restorative properties when mature .",2.15,1," 67",0.25,0.25,0,0.5,0,0,0,0,0.8275,-0.8175,0.57625
" The next class is Transfiguration , where Ronald has problems with Ronald 's broken wand , even when Ronald repaired it with some Spellotape .",-1.25,1," 68",0,0,0,0,0.3333333333,0.3333333333,0,0.3333333333,0.27571,-1.10429,0.28571
" Later , the trio have their first lesson with Gilderoy , appointed as the new Defence Against the Dark Arts teacher .",0.85,1," 69",0,0.25,0,0.5,0,0.25,0,0,1.37444,-0.94889,0.67111
" Ronald way of teaching is a complete disaster .",-1,1," 70",0,0,0.2,0,0.2,0.2,0.2,0.2,0.075,-1.1875,0.1175
" Much to Harry 's chagrin , Ronald receives constant attention from Colin and Gilderoy , a first year student . Both constantly interact with Ronald on the base of Ronald 's fame -LRB- Colin treats Harry as a celebrity and Gilderoy hopes to actually bring Ronald to that state -RRB- .",0.3,2," 71 72",0.0666666667,0.0666666667,0.0666666667,0.2666666667,0.2,0.2,0.1333333333,0,1.24929,-0.86571,1.15571
" The Gryffindor Quidditch team has a very early practise on Saturday morning , where they are treated to an hour-long introduction to a new training programme Oliver spent the summer working on .",0.8,1," 73",0,0.6666666667,0,0.3333333333,0,0,0,0,1.21273,-0.75364,1.01909
" Soon after the actual practise starts , the Slytherin Quidditch team , with new Nimbus  broomsticks , arrives , and an argument over field time ensues . During the confrontation , Draco is revealed to be the new Slytherin seeker , and the one responsible for getting the Slytherin team new brooms .",0.225,2," 74 75",0,0.3333333333,0,0.5,0.1666666667,0,0,0,0.90881,-0.99048,0.74333
" Hermione says that nobody on their team had to buy his way in , they made it on pure talent to which Draco calls Hermione a Mudblood , for which the Gryffindor team react angrily and Ronald tries to curse him .",0.25,1," 76",0,0.1111111111,0,0.2222222222,0.2222222222,0.1111111111,0.1111111111,0.2222222222,0.79846,-0.90846,1.06615
" However , his damaged wand causes the curse to backfire and he is rushed to Rubeus 's cabin when he starts vomiting slugs .",-1.75,1," 77",0,0,0,0,0.25,0.25,0.25,0.25,-0.586,-0.428,0.141
" Ronald and Rubeus both explain to Harry that Mudblood is a very insulting name for Muggle-Borns like Hermione . Ronald and Rubeus also explain that there are some wizards like Lucius and Draco who think Ronald and Rubeus 're better than everyone else because Ronald and Rubeus 're Purebloods . After Ronald and Rubeus return to the castle , Minerva assigns Harry and Ronald Ronald and Rubeus 's detentions . Harry is made to help Gilderoy answer Harry 's fan mail , while Ronald polishes the school 's prizes and trophies .",0.2625,4," 78 79 80 81",0,0.0714285714,0,0.2142857143,0.2857142857,0.2857142857,0.0714285714,0.0714285714,0.96154,-1.05538,0.805
" During Harry Harry hears a disembodied sinister voice which Gilderoy is unable to hear .",-1.75,1," 82",0,0,0,0,0.25,0.375,0.125,0.25,0.05143,-0.98143,0.22
" In return for distracting Argus just when he 's about to give Harry severe punishment , Harry promises he will come to Nearly Headless Nick 's Deathday Party on Hallowe'en .",-1.25,1," 83",0,0.1428571429,0,0,0.4285714286,0.1428571429,0.1428571429,0.1428571429,0.21773,-0.70091,0.25909
" Harry brings Ronald and Hermione along as well .",0.8,1," 84",0,0,0,0,0.5,0.5,0,0,0.68,-0.71,0.72
" While there , Ronald and Hermione meet Moaning Myrtle .",-0.25,1," 85",0,0,0,0,0,0,0,0,0.07,-0.385,0.965
" The three of them quickly get sickened by the ghostly party and return to the Great Hall .",-0.8,1," 86",0,0,0,0,0,0,0,1,0.58875,-0.76375,0.1925
" Before they get to the Hallowe'en feast , Harry hears the voice -LRB- which Ronald and Hermione also can not hear -RRB- and follows it to the second floor , where Harry finds the bathroom flooded and MrsNorris , Argus 's cat , hanging from a torch bracket , petrified and coupled with a message on the wall , reading '' '' THE CHAMBER OF SECRETS HAS BEEN OPENED .",-1.45,1," 87",0,0,0,0,0.3333333333,0.3333333333,0.1666666667,0.1666666667,0.48174,-1.00761,0.52457
" ENEMIES OF THE HEIR , BEWARE '' '' .",-1,1," 88",0,0.5,0,0,0,0,0,0.5,-1.06333,-0.15333,-0.52333
" Then , students leaving the Hallowe'en Feast surround them .",0,1," 89",0,1,0,0,0,0,0,0,1.02,-0.6725,0.725
" And Draco yells : `` Enemies of the Heir , beware !",-1,1," 90",0,0.5,0,0,0,0,0,0.5,-1.1525,-0.13,-0.57
" You 'll be next , Mudbloods ! ''",0,2," 91",0,0,0,0,0,0,0,0,1.18,-1.57,0.5
" Severus and Argus try to get Harry in trouble for what happened , but Albus says that it is",-0.5,1," 92",0,0,0,0,0.5,0.5,0,0,0.385,-1.00333,0.59833
" powerful dark magic that no second year student could perform .",0.4,1," 93",0.1428571429,0.1428571429,0,0.1428571429,0.1428571429,0.1428571429,0.1428571429,0.1428571429,1.08286,-0.46286,0.80857
" They decide that Professor Sprout 's mandrakes will be used , once they are mature enough , to create a draught capable of reviving MrsNorris. ",2,1," 94",0.5,0,0,0.5,0,0,0,0,0.9875,-1.21083,0.85333
" Hermione wants to research the Chamber , so she persuades Cuthbert -LRB- the History of Magic teacher -RRB- into telling the class about it .",0.5,1," 95",0,0,0,1,0,0,0,0,1.04889,-0.67333,0.59
" Cuthbert explains that one of the founders of Hogwarts and Salazar got into an argument with the others about whether Muggle-borns should be admitted .",-0.2,1," 96",0,0,0,0,1,0,0,0,0.35125,-1.27875,0.60375
" When the rift grew too large , Cuthbert left the school .",-0.5,1," 97",0,0,0,1,0,0,0,0,0.196,-0.686,0.432
" According to legend , Cuthbert built a going-away present to the school in the form of a secret chamber that could only be opened by Cuthbert 's true heir . This `` Chamber of Secrets '' contains a monster that only the Heir of Slytherin can control and that , once released , would purge the school of all Muggle-borns .",-0.125,2," 98 99",0.1111111111,0.1111111111,0.1111111111,0.4444444444,0,0,0,0.2222222222,0.57957,-0.73087,0.84109
" Cuthbert unsuccessfully tries to assure the class that the Chamber does not actually exist and that the school has been searched many times in vain .",-1.2,1," 100",0,0,0,1,0,0,0,0,0.63364,-1.09318,0.74045
" Harry , Ronald and Hermione decide that the heir is probably Draco since everyone in his family have been sorted into Slytherin House , he 's a Pureblood supremacist , and because his father worked for Voldemort .",0.25,1," 101",0,0,0,0.3333333333,0.3333333333,0.3333333333,0,0,1.334,-1.278,0.781
" To try to confirm it , Hermione proposes to use Polyjuice Potion , which can change a person into somebody else for an hour .",0,1," 102",0,0,0,0,0,0,0,1,0.56611,-1.03667,0.75778
" After getting Gilderoy 's signature to check out the book Moste Potente Potions from the Restricted Section that has the recipe , Hermione warns them that the potion will take a month to brew , supposing they gather all the necessary ingredients -LRB- two of which can only be found in Severus 's private inventory -RRB- .",-0.15,1," 103",0.3333333333,0,0,0.6666666667,0,0,0,0,0.62604,-1.31646,0.54354
" Since no one comes into Moaning Myrtle 's bathroom , the three of them decide it is the best place to brew the potion unnoticed . Hermione begins working with the ingredients they have .",0,2," 104 105",0,0,0,0,0,0,0,0,0.55767,-1.455,0.65867
" During the month that it takes the Polyjuice Potion to brew , a Quidditch match between Gryffindor and Slytherin takes place .",0,1," 106",0,0,0,0,0,0,0,0,0.47214,-1.02214,0.405
" During the match , one of the Bludgers stakes after Harry and focuses completely on him .",0.4,1," 107",0,0,0,0,0.5,0.5,0,0,0.82625,-1.60875,0.71125
" Since Bludgers are supposed to attack each and every player , the crowd immediately realises that this Bludger has been tampered with .",-0.85,1," 108",0,0.3333333333,0,0,0.3333333333,0,0,0.3333333333,-0.215,-0.38938,-0.00938
" Harry still manages to catch Golden and allow for Gryffindor to win thanks to the Slytherin Seeker Draco wasting his time insulting Harry and not paying attention to his surroundings where the Snitch was hovering slightly above his left ear . However , prior to catching the Snitch , Bludger broke Harry 's arm , and Gilderoy , attempting to fix it , gets rid of all the bones in his arm instead . Poppy gives Harry Skele-Gro potion to counter this and Harry is forced to stay in the Hospital Wing overnight . During that night , Dobby visits Harry and reveals that it was he who made Bludger chase after Harry , and was also responsible for the barrier of Platform Nine and Three-Quarters not letting Harry in for in hopes of Harry leaving or never arriving at Hogwarts . Harry also reveals that the Chamber of Secrets has been opened before and immediately punishes Harry , as Harry is not supposed to reveal anything .",-0.69,5," 109 110 111 112 113",0,0.0714285714,0.0357142857,0.0714285714,0.25,0.3214285714,0.0714285714,0.1785714286,0.52189,-0.83959,0.64877
" After Dobby disappears , Minerva , Poppy and Albus enter with Colin , who has also been petrified .",-1.1,1," 114",0,0,0,0,0,0,0,0,0.12,-0.846,0.402
" Harry was found with a camera containing film that has been burnt to the melting point . Albus just observes the camera saying , `` The Chamber of Secrets has indeed been opened again . ''",0.0333333333,3," 115 116",0.2,0,0,0.2,0.2,0.2,0.2,0,0.75029,-1.16324,0.83029
" After Harry heads to Moaning Myrtle 's bathroom the next morning and explains the details he learned from Dobby , Hermione comes up with a plan of Harry and Ronald providing a distraction in Potions so Hermione can steal the remaining ingredients for the Polyjuice Potion from Severus 's private stores . Shortly afterwards , when McGongall comes around with the sign-up list for the students who will remain in the school during Christmas , learning that Vincent , Gregory and Draco have signed up , Harry , Ronald and Hermione do this as well , since this gives Harry , Ronald and Hermione the perfect opportunity to use Harry , Ronald and Hermione 's Polyjuice Potion . With Harry providing a distraction during Potions class by throwing a Filibuster firework into Gregory 's cauldron , it creates the necessary disturbance allowing Hermione to succeed without trouble , though Severus still suspects Harry 's involvement with this incident after finding the firework .",0.0666666667,3," 117 118 119",0.125,0.21875,0.09375,0.15625,0.1875,0.15625,0,0.0625,0.66314,-0.71461,0.63108
" Harry later signs up for a Duelling Club which , to Harry 's great displeasure , is taught by his two least favourite teachers , Gilderoy and Severus . During a practise battle in the first meeting , Draco conjures a snake to attack Harry . Gilderoy tries to banish it , but all Gilderoy manages is to set it loose on the students . Harry sees that the snake is advancing on a Hufflepuff student named Justin Finch-Fletchley and instinctively tells it to stop , which-to Harry 's great surprise-it does .",-0.5625,4," 120 121 122 123",0.0434782609,0.0434782609,0.0434782609,0.0434782609,0.2608695652,0.1739130435,0.1739130435,0.2173913043,0.46016,-0.74339,0.48387
" He expects Justin to be grateful Justin and the others are less than ecstatic about it . All they saw was Harry speaking Parseltongue , the language of snakes , and since they can not understand it , it seemed to them that he was egging the snake on .",0.75,2," 124 125",0.1428571429,0.1428571429,0.1428571429,0,0.1428571429,0.1428571429,0.1428571429,0.1428571429,0.90147,-0.73735,0.58176
" Harry learns that Parseltongue is a very rare gift that is closely associated with Salazar . Due to this , Harry becomes the number one suspect among students for being the heir of Slytherin . Hermione even tells him that since Salazar lived so long ago , Salazar might actually be a descendant .",0,3," 126 127 128",0.1111111111,0.2222222222,0.1111111111,0,0.2222222222,0.2222222222,0,0.1111111111,0.89105,-1.06947,0.45947
" When a Herbology lesson is cancelled , Harry has a talk with Rubeus , who reveals that the school 's roosters are being mysteriously killed . Seconds after leaving Rubeus , Harry runs into a petrified Justin Finch-Fletchley and a black , also petrified , Nearly-Headless Nick . Peeves alerts the whole school , and a Hufflepuff student called Ernest claims that Harry has been caught red-handed . For the first time , Harry is taken to Albus 's office , and there Harry witnesses Fawkes -- Albus 's phoenix -- bursting into ashes and being reborn . Albus says that Albus does not believe Harry to be behind the attacks , a belief reinforced by Rubeus backing Harry 's alibi , but a large portion of the school is now sure that Harry is Slytherin 's heir .",-0.41,5," 129 130 131 132 133",0,0.1428571429,0.0476190476,0.1904761905,0.2380952381,0.3333333333,0,0.0476190476,0.4893,-0.8911,0.5563
" When Christmas arrives -LRB- Harry 's gifts : a toothpick , fudge in a tin , a copy of '' Flying with the Cannons '' , a new Quill , a jumper and plum cake -RRB- , with the Polyjuice Potion ready and Hermione having acquired some spare Slytherin robes to use -LRB- since they ca n't use their regular clothes while transformed -RRB- , they give to Vincent and Gregory two chocolate cakes containing `` sleeping pills '' that made both Vincent and Gregory fall asleep once eating the cakes .",4.05,1," 134",0.125,0.25,0,0.125,0.125,0.25,0,0.125,1.19586,-0.91371,0.644
" Harry and Ronald take Harry and Ronald 's hairs -LRB- and shoes due to Vincent and Gregory having larger feet -RRB- and assume Harry and Ronald 's form .",0,1," 135",0,0,0.2,0.2,0.2,0.2,0.2,0,0.295,-1.25812,0.69062
" Hermione tries to use a hair Hermione thought belongs to Millicent , but it is actually Hermione 's cat hair and Hermione is transformed into a cat/human hybrid . Hermione is forced to spend a few weeks in the Hospital Wing .",-0.125,2," 136 137",0,0.2,0,0.2,0,0.2,0,0.4,0.82912,-1.01412,0.65941
" As Vincent and Gregory , once Draco leads them to the Slytherin common room , Harry and Ronald interrogate an unsuspecting Draco and discover that even though Draco wishes Draco were , Draco is not the Heir of Slytherin .",0.1,1," 138",0,0,0.25,0,0.25,0.25,0,0.25,0.59909,-1.23227,0.35409
" Harry and Ronald also hear that Lucius mentioned that the last time the chamber was opened , fifty years ago , a Muggle-born student died and whoever was responsible was expelled .",-0.85,1," 139",0,0.25,0,0.25,0.25,0.25,0,0,0.494,-1.16967,0.69167
" Draco also mentions Draco 's father 's secret stash of illegal artefacts .",-1,1," 140",0,0,0,0.3333333333,0.1666666667,0.1666666667,0.1666666667,0.1666666667,0.074,-0.868,0.284
" Weeks later , Harry , Ronald and Argus complaining about Ronald 's workload and leaving . Harry , Ronald and Argus arrive at Myrtle 's bathroom to find it flooded . Myrtle , a sulking ghost , explains that Myrtle had flooded it because somebody flushed a diary down the toilet and onto Myrtle 's . Harry picks it up ; Harry discovers that it once belonged to somebody called T.M. Riddle , but the diary is completely blank .",-0.81,5," 141 142 143 144",0.1428571429,0.0714285714,0.0714285714,0.1428571429,0.2142857143,0.2142857143,0.0714285714,0.0714285714,0.12292,-0.91417,0.3875
" Ronald remembers from Ronald 's detention that Riddle had won an award for special service to the school fifty years before , as Ronald had another slug attack on the trophy .",0.3,1," 145",0.2,0.1333333333,0.2,0.2,0.0666666667,0.0666666667,0.0666666667,0.0666666667,0.638,-0.682,0.69467
" Hermione deduces that since this coincides with the last time the Chamber was opened , Tom might have received Tom 's prize for catching whoever was responsible for the attacks back then .",1.15,1," 146",0,0.5,0,0.5,0,0,0,0,0.66,-1.06967,0.711
" Even though all attempts to extract information from the diary fail , Harry feels a strange compulsion to keep it .",-1.35,1," 147",0.2,0,0,0.2,0.4,0.2,0,0,0.2075,-1.116,0.3075
" On Ronald Harry and Ronald are dismayed to find out Gilderoy has spread dwarves dressed as cupids throughout the school to receive and deliver Valentines as a morale booster due to believing that he made the attacks stop .",-0.85,1," 148",0,0,0,0.5,0.25,0.25,0,0,0.61294,-0.80882,0.64941
" One cupid-dwarf manages to deliver one -LRB- a singing valentine -RRB- to Harry . While struggling to avoid Harry , the embarrassed Harry trips and falls , having ink spilled all over the contents of Harry 's bag .",-0.825,2," 149 150",0,0,0,0,0.4,0.4,0,0.2,0.118,-0.86333,0.336
" Ginevra notices the diary and assumes a horrified expression . Draco also tries to steal the diary as Harry is picking up Harry 's stuff , but an angered Harry stuns Harry , ignoring the fact that Percy Weasley was also there trying to handle the situation , which results in Percy reprimanding Harry .",-0.625,2," 151 152",0.1818181818,0,0,0.2727272727,0.1818181818,0.1818181818,0,0.1818181818,0.28,-1.03026,0.50632
" Later , Harry realises that even though ink is spilled all over the diary , it is not stained at all .",0,1," 153",0.25,0,0,0.25,0.25,0.25,0,0,0.13857,-1.28143,0.37286
" Harry tries writing to the diary and , to his surprise , Riddle writes back . Harry explains that Harry was the one who caught the person who opened the Chamber of Secrets the last time , and Harry can show Harry what happened . Harry agrees and gets sucked into a `` recording '' of Riddle 's memory . Transported back to  , Harry witnesses the school 's previous headmaster , Armando , informing Riddle that the school will be closed , since now a Muggle-born girl has died . Riddle is apprehensive of this , since it would mean getting sent back to the Muggle orphanage he grew up in and grown to hate .",-0.43,5," 154 155 156 157 158",0.0769230769,0.0769230769,0.1923076923,0.1153846154,0.1923076923,0.1923076923,0.0384615385,0.1153846154,0.5401,-1.08173,0.4676
" Dippet guesses that Riddle is Muggle-born as well , but Riddle corrects him by revealing that he 's actually half-blood , having been left at the orphanage after Merope died , but not before requesting her son 's first name to be Tom , after Tom , and his middle name to be Marvolo , after his Marvolo . When dismissed by Dippet and a -years-younger Albus , Harry follows Riddle down into the dungeons , where the latter young wizard catches a -years-younger Rubeus fiddling with a young Acromantula in a cupboard .",-0.35,2," 159 160",0.1111111111,0.2222222222,0.4444444444,0,0.1111111111,0.1111111111,0,0,0.56833,-1.02567,0.18167
" Accusing the giant of harbouring the monster behind the death of the Muggle-born girl in question , Riddle reports Rubeus to Dippet despite Rubeus protest that that Rubeus 's Acromantula , who Rubeus has seemingly named Aragog , has never killed anyone .",-3.25,1," 161",0,0.0909090909,0.1818181818,0,0.1818181818,0.0909090909,0.0909090909,0.3636363636,-0.32692,-0.475,0.01
" Having seen this , Harry now believes Rubeus was the one who opened the Chamber fifty years before and Harry is responsible this time . Harry , Ronald and Hermione decide not to ask Rubeus about it , hoping that the attacks have stopped-and indeed , almost four months after the attack on Justin and Nearly-Headless Nick , the disembodied voice keeps quiet and the attacks seem to have ceased .",-0.325,2," 162 163",0,0.0909090909,0,0.0909090909,0.2727272727,0.3636363636,0,0.1818181818,0.42214,-1.05161,0.51304
" However , odd things keep happening : Harry returns to Harry 's dormitory one day to find it a mess .",-1,1," 164",0,0,0,0,0.3333333333,0.3333333333,0.3333333333,0,0.534,-1.315,0.293
" Ronald deduces that somebody has been looking for something , and Harry eventually notices that Tom 's Diary is gone . This greatly befuddles Harry , Ronald and Hermione , knowing that only a Gryffindor student or a staff member could know the password to enter the dormitory .",0.3,2," 165 166",0.1666666667,0,0,0.1666666667,0.3333333333,0.3333333333,0,0,0.97188,-1.24,0.945
" The next day , the scheduled Quidditch match between Gryffindor and Hufflepuff is cancelled due to yet another attack and Harry hears the voice again . This time Minerva calls for Harry and Ronald personally , and leads Harry , Ronald and Hermione to the Hospital Wing , where Harry , Ronald and Hermione see Hermione petrified . Hermione was found near the library with a Ravenclaw prefect , holding a small , circular mirror .",-0.15,3," 167 168 169",0.0714285714,0.1428571429,0,0.2142857143,0.2142857143,0.2142857143,0,0.1428571429,0.49208,-1.04833,0.4375
" This proves that Harry is not Tom , since Harry would never attack one of his friends . Harry and Ronald decide Harry , Ronald and Hermione now must talk to Rubeus .",0.075,2," 170 171",0,0,0,0,0.5,0.3333333333,0,0.1666666667,0.70444,-1.10222,0.58444
" With the now constant supervision on students , this is not easy , but Harry , Ronald and Hermione manage to do it by using Harry 's Invisibility cloak .",1.2,1," 172",0,0,0,0.5,0.25,0.25,0,0,0.629,-1.0985,0.749
" When Harry , Ronald and Hermione reach Rubeus 's cabin Harry and Ronald manage to hide just before Cornelius , who is the Minister for Magic , and Albus arrive at the scene .",0.65,1," 173",0,0.2,0,0.2,0.2,0.2,0,0.2,0.77667,-1.17667,0.70667
" Fudge announces that Rubeus , who to the best of his knowledge opened the Chamber of Secrets the last time , will be sent to Azkaban prison as a precaution .",-0.05,1," 174",0,0.25,0,0,0.25,0.25,0,0.25,0.62615,-0.98885,0.78115
" They are shortly joined by Lucius , who declares that he and the other governors of Hogwarts have unanimously voted to suspend Albus , despite the obvious logic that this would only worsen the situation .",-0.25,1," 175",0,0.5,0,0.5,0,0,0,0,0.52792,-1.03625,0.71833
" Both Rubeus and Albus give last words to Harry and Ronald : Rubeus says that if anybody wants the truth Harry , Ronald and Hermione should `` follow the spiders '' and Albus says that Albus will only truly have left the school when none there remain loyal to Albus .",2,1," 176",0.1111111111,0,0.1111111111,0.3333333333,0.2222222222,0.1111111111,0,0.1111111111,0.82467,-0.793,0.938
" Albus also stresses that if anybody at Hogwarts needs help , it will always be available to those who ask for it .",-0.2,1," 177",0,0,0,0,0,0,0,0,0.5,-1.21,0.82714
" Days later , Minerva informs the students that the Mandrake Drought will soon be ready .",0.7,1," 178",0,1,0,0,0,0,0,0,0.55429,-1.43143,0.7
" Later that same day , Harry and Ronald manage to trick Gilderoy - who is leading Harry and Ronald to Harry and Ronald 's next class - into letting Harry and Ronald go by stroking his ego . Just as Harry and Ronald pat Harry and Ronald on the back , Harry and Ronald get caught by Minerva , and Harry has to make up an excuse - Harry and Ronald were going to see Hermione in the Hospital Wing , where visitors were now barred .",-0.55,2," 179 180",0,0,0.1,0.3,0.2,0.3,0,0.1,0.48333,-1.01687,0.34646
" Harry and Ronald now have to go along to make Harry and Ronald 's story appear convincing , but rather than simply hanging around Hermione 's petrified form , this time Harry notices a piece of paper tightly clutched in her hand . This piece of paper reveals what Hermione had found out before she was attacked .",-0.175,2," 181 182",0.1,0.1,0,0.2,0.2,0.2,0.1,0.1,0.38841,-1.02545,0.44136
" She had discovered , based on strong circumstantial evidence , that the monster in the Chamber of Secrets is a Basilisk , one of the giant `` Kings of all Serpents '' , thus explaining the mysterious voice that only Harry could hear , as he is able to speak Parseltongue .",-0.4,1," 183",0,0.1428571429,0.1428571429,0,0.1428571429,0.1428571429,0,0.4285714286,0.58857,-0.81286,0.6819
" The Basilisk kills people by looking it in the eye , but no one died because nobody had directly looked at its deadly gaze : Colin saw it through his camera , Justin Finch-Fletchley saw it through Nearly-Headless Nick -LRB- who was already dead and since Colin could n't die `` again '' , Colin was only petrified -RRB- , MrsNorris saw a reflection of it in the waters of the flooded bathroom , and both Hermione and Penelope used a mirror to look around corners after Hermione has figured things out .",-5.05,1," 184",0,0,0,0,0.1666666667,0.3333333333,0.1666666667,0.3333333333,0.04817,-0.88767,0.15133
" Harry finds out in the paper that spiders flee from it and how a rooster 's crow is potentially fatal to the Basilisk -LRB- which explains Rubeus 's roosters having been killed during the year -RRB- .",-1.75,1," 185",0,0,0,0,0.3333333333,0.3333333333,0,0.3333333333,-0.16429,-0.55321,0.18071
" On the note is also scribbled a single word , `` pipes '' , which means that the serpent moves around through the plumbing -LRB- which helps them realise that the entrance to the Chamber of Secrets is in Myrtle 's bathroom -RRB- .",0.55,1," 186",0,0,0,0.3333333333,0,0,0.3333333333,0.3333333333,0.30438,-1.10375,0.42937
" Having solved the mystery , Harry and Ronald decide to go to the staff room and report to the teachers . When they get there , they overhear the teachers talking about another attack having occurred .",-0.175,2," 187 188",0,0.1666666667,0.1666666667,0,0.3333333333,0.1666666667,0,0.1666666667,0.6925,-1.0475,0.48313
" Harry and Ronald decide to hide to hear more details , and learn that Ginevra has been kidnapped by the Basilisk itself and the Tom has left another message under the previous one : '' '' HER SKELETON WILL LIE IN THE CHAMBER FOREVER '' . ''",-0.35,2," 189",0,0,0,0,0.3333333333,0.3333333333,0.1666666667,0.1666666667,0.24618,-1.08412,0.57971
" Harry and Ronald also hear that Hogwarts will be closed tomorrow .",0,1," 190",0,0.3333333333,0,0,0.3333333333,0.3333333333,0,0,0.8525,-1.56,1.19
" The teachers then force Gilderoy to deal with the monster , as Gilderoy has been claiming Gilderoy could handle whatever is responsible for the attacks .",-1.1,1," 191",0.125,0.125,0.125,0.25,0.125,0,0,0.25,0.30136,-0.90909,0.58909
" Looking very crestfallen , he leaves for his room .",-1,1," 192",0,0,0,0,0,0,0,0,0.41,-1.15667,0.59333
" Harry and Ronald decide that if Gilderoy is going to deal with the monster Harry and Ronald might as well tell Gilderoy what Harry and Ronald know . Harry and Ronald go to Gilderoy 's room , only to find Gilderoy frantically planning to run away .",0,2," 193 194",0.0909090909,0.1818181818,0.0909090909,0.1818181818,0.1818181818,0.1818181818,0,0.0909090909,0.87833,-0.92917,0.65792
" When questioned on why such a talented wizard as Gilderoy is leaving , Gilderoy admits that Gilderoy is a fraud who put Memory Charms on the people who really did the things that Gilderoy claimed to have done in Gilderoy 's books . Gilderoy then attempts to put a Memory Charm on the two boys as well , but they manage to disarm Gilderoy and , under Wand threats , take Gilderoy to Myrtle 's bathroom .",0.675,2," 195 196",0,0.25,0.25,0.25,0.25,0,0,0,0.63617,-1.02733,0.57183
" Myrtle explains Myrtle 's death , saying the last thing Myrtle saw was a pair of enormous eyes by one of the sinks , the tap of which has never worked .",-0.5,1," 197",0,0.1666666667,0.1666666667,0,0.1666666667,0.1666666667,0.1666666667,0.1666666667,0.50433,-1.148,0.67467
" Harry finds a snake carved on the tap and then opens the entrance to the Chamber of Secrets by speaking Parseltongue to it . Harry , Ronald and Gilderoy slide down a large pipe and find Harry , Ronald and Gilderoy in maze-like tunnels far under the school .",-0.125,2," 198 199",0,0,0,0.1428571429,0.2857142857,0.2857142857,0.1428571429,0.1428571429,0.41767,-0.7,0.53967
" Down there , Harry , Ronald and Gilderoy encounter a snake skin left by the Basilisk .",-0.5,1," 200",0,0,0,0,0.25,0.25,0.25,0.25,-0.0875,-0.09,-0.145
" Just then , Gilderoy feigns fainting and Gilderoy steals Ronald 's wand .",-1.6,1," 201",0,0,0.3333333333,0,0,0.3333333333,0,0.3333333333,-0.9175,-0.90125,-0.425
" Victoriously proclaiming that Gilderoy will erase Harry and Ronald 's memories and tell everybody they lost their sanity at the sight of Gilderoy casts the Memory Charm .",-0.5,1," 202",0,0,0,0,0.25,0.5,0,0.25,0.74182,-1,0.69909
" Ronald 's broken wand causes the charm to backfire , erasing Gilderoy 's memory and causing a portion of the ceiling to cave in .",0,1," 203",0,0,0,0,0.3333333333,0.3333333333,0,0.3333333333,0.3345,-1.113,0.2215
" This traps Harry in the direction of the chamber and Ronald in the direction of the castle .",-0.5,1," 204",0,0,0,0,0.5,0.5,0,0,0.058,-0.936,0.598
" Ronald has no choice but to stay behind and clear a path through the rocks while Harry continues in search of Ginevra .",0.9,1," 205",0,0,0,0,0.5,0.5,0,0,0.8875,-1.685,0.65125
" Harry then encounters a wall with stone snakes on it , opens it by speaking Parseltongue and enters the Chamber itself .",0,1," 206",0,0,0,0,0.6666666667,0.3333333333,0,0,0.22938,-0.54438,0.62937
" The diary ends up with Ginevra .",0,1," 207",0.5,0,0,0.5,0,0,0,0,0.24,-1.1,0.68
" Riddle had written back sympathetically and Ginevra grew to confess her fears , hopes and feelings to him .",-0.9,1," 208",0,0,0.5,0.5,0,0,0,0,0.71222,-0.89333,0.36
" She essentially poured some of her soul into him , which was exactly what he wanted .",0,1," 209",0,0,0,0,0,0,0,0,0.9875,-0.925,0.7
" He gradually grew more powerful and eventually managed to pour some of his soul back into her , possessing her and using her body to open the Chamber of Secrets , releasing the Basilisk that launched the new series of attacks and to write the threatening messages on the walls .",0.3,1," 210",0.1,0.1,0,0.2,0.2,0,0.2,0.2,0.57625,-0.80825,0.66025
" However , Ginevra became suspicious of the diary and tried to dispose of it by flushing it down the toilet in Myrtle 's bathroom . This is when Harry found it . When Ginevra saw Harry with the diary on Valentine 's Day , she panicked and worried that Riddle had told Harry about her role in the attacks , so she stole it back from his dormitory . It began taking control of her again , but this time with the intention of killing Harry , so he had Ginevra write her own farewell on the wall and come down to wait , luring Harry to the rescue and , consequently , Harry 's doom . Riddle is angered that Harry managed to defeat the Dark Wizard Tom as a mere baby . When Harry asks Riddle why Harry cares about it , Riddle reveals that `` Tom is his past , present and future . ''",-0.6071428571,7," 211 212 213 214 215 216",0.1428571429,0.1428571429,0.1428571429,0.119047619,0.1666666667,0.1904761905,0.0476190476,0.0476190476,0.18386,-0.72842,0.21807
" He then writes the air with Harry 's wand his full name , '' Tom '' , then waves Wand and the letters rearrange themselves into , '' I AM Tom . ''",0,2," 217",0,0,0,0,0.5,0.5,0,0,0.905,-1.4455,0.6285
" Harry then realises that Tom was only a pseudonym and that Harry 's real/birth name was Tom . Riddle explains that Harry could n't bare to use the name of Tom who abandoned Harry before Harry 's wizard son could be born , right when Harry found out that Merope was a witch descended from Salazar . So Harry scrambled that name to create a new one , which Harry knew people would fear when Harry became the `` greatest sorcerer in the world '' . Harry retorts that Harry must be mistaken , because the greatest sorcerer in the world , as everybody knows , is Albus . Even when Tom was at the peak of Tom 's power Tom was afraid of Albus , and now Tom is barely alive . Riddle replies that Albus has been driven out the castle by the mere memory of Albus . Harry yells that Albus is not as gone as Riddle seems to believe .",0.2357142857,7," 218 219 220 221 222 223 224",0.1111111111,0.0833333333,0.1111111111,0.1111111111,0.2222222222,0.1666666667,0.0277777778,0.1666666667,0.86647,-0.94147,0.35328
" In this display of loyalty Harry summons Fawkes the phoenix to him , who also brings with it Sorting , both assets that Riddle deems extremely useless . Riddle then summons the Basilisk and commands it to kill Harry .",-0.375,2," 225 226",0,0,0.2222222222,0.1111111111,0.2222222222,0.3333333333,0,0.1111111111,-0.00833,-0.38042,0.15375
" However , Fawkes is n't as defenceless as one might initially think , and pecks out the Basilisk 's eyes , thus preventing its gaze from killing .",-0.5,1," 227",0,0,0,0,0.3333333333,0.3333333333,0,0.3333333333,0.53929,-1.01286,0.71286
" The basilisk can still hear and smell Harry , however , and remains very dangerous , so Harry , in desperation , puts on Sorting , wishing against hope for help .",0.05,1," 228",0.0833333333,0.0833333333,0.0833333333,0.1666666667,0.1666666667,0.0833333333,0.1666666667,0.1666666667,0.5415,-0.4755,0.602
" Instead of an answer , Harry has a heavy sword with a hilt embedded with rubies fall on Harry 's head from inside Sorting . After several missed strikes from the blinded Basilisk , it strikes again , right at Harry this time but Harry plunges the sword into the roof of the Basilisk 's mouth , killing it .",-0.85,2," 229 230",0,0.1,0.1,0,0.3,0.4,0,0.1,-0.16211,-0.51632,0.07474
" However , one of its poisonous fangs sinks into his arm , injecting a deadly poison .",-2,1," 231",0,0,0,0,0.2307692308,0.2307692308,0.2307692308,0.3076923077,-1.24937,-0.4725,-0.38625
" While Riddle gloats over his `` win '' , Harry takes Riddle 's diary and plunges the Basilisk fang into the diary .",0.5,1," 232",0.1666666667,0,0.1666666667,0.1666666667,0.1666666667,0.1666666667,0,0.1666666667,0.47889,-0.66444,0.63667
" Ink begins pouring out of the book like blood as Riddle 's memory is destroyed .",-0.25,1," 233",0,0,0.25,0,0.25,0.25,0,0.25,0.7135,-0.957,0.414
" Ginevra immediately stirs and wakes up .",0,1," 234",0,1,0,0,0,0,0,0,0.96,-1.575,1.21
" Harry is now moments from death , when Fawkes cries on the wound , and since phoenix tears have incredible healing properties , Harry is instantly cured .",-2.3,1," 235",0.0714285714,0.1428571429,0.0714285714,0.0714285714,0.2142857143,0.2142857143,0.0714285714,0.1428571429,0.39125,-0.51625,0.32333
" Harry and Ginevra travel back through the Chamber to find Ronald and Gilderoy , who has no idea of who or where Harry is .",0,1," 236",0,0,0,0,0.5,0.5,0,0,1.13143,-1.02143,0.87286
" Harry , Ronald , Ginevra and Gilderoy grab onto Fawkes and fly up the tunnel , out of the Chamber -LRB- another phoenix specialty , as Harry , Ronald , Ginevra and Gilderoy can lift very heavy loads -RRB- .",0,1," 237",0,0,0,0,0.6666666667,0.3333333333,0,0,0.12056,-0.78444,0.45333
" Harry , Ronald , Ginevra and Gilderoy return up to the Myrtle 's bathroom , where the Entrance seals shut again , and head to Minerva 's office .",0,1," 238",0,0,0,0.3333333333,0.3333333333,0.3333333333,0,0,0.30857,-1.58571,0.47571
" At Harry Harry , Ronald and Ginevra find Minerva , Albus , Arthur and Molly , who are delighted to see Harry , Ronald and Ginevra alive . Harry worries that Ginevra will get blamed for being the person behind the attacks , but to Harry 's great relief Albus rightly deduces that Tom is the culprit and only used Ginevra 's body .",0.125,2," 239 240",0.2,0.2,0.1,0.1,0.2,0.2,0,0,0.47974,-0.65395,0.41421
" After Ginevra leaves to get a much-needed rest , Harry and Ronald both receive two hundred house points each for Gryffindor and both get an Award for special services to the school , and then Albus asks to speak with Harry alone .",0.95,1," 241",0.25,0.125,0.125,0.25,0.125,0.125,0,0,1.28812,-1.13937,0.89063
" Harry expresses Harry 's concern that Harry belonged in Slytherin .",-0.6,1," 242",0,0,0,0,0.5,0.5,0,0,0.69333,-0.87,0.85333
" Albus reveals that Tom transferred some of Tom 's powers to Harry when Tom gave Tom Tom 's scar , explaining Tom 's ability to speak Parseltongue . Tom asks Harry why Tom thinks Sorting put Tom in Gryffindor if Tom has so many Slytherin qualities , and Harry admits that the only reason it did was because Harry had asked it to . Albus confirms this and tells Harry that `` it is our choices , rather than our abilities , that reveal who we truly are '' .",0.6,3," 243 244 245",0,0,0,0,0.4,0.4,0.1,0.1,0.96769,-1.05462,0.93077
" Harry points out to the sword Harry had drawn out of Sorting - Harry now notices it has Godric 's name on it . Albus says that only a true Gryffindor would be able to draw it out .",0.25,2," 246 247",0,0,0,0,0.5,0.5,0,0,1.03923,-1.11538,1.01462
" Lucius then barges into Minerva 's office , outraged that Albus has returned to the school after being dismissed . Albus calmly responds that the governors had asked Lucius to return once they heard that Arthur 's daughter was attacked . Apparently they had been blackmailed by Draco to vote for Albus 's dismissal in the first place under Draco 's threat of cursing their families . Dobby follows Lucius into the room , thus showing that Lucius 's masters are Draco .",-0.825,4," 248 249 250 251",0.1176470588,0.0588235294,0.1176470588,0.1176470588,0.2352941176,0.1176470588,0.1176470588,0.1176470588,0.35919,-0.88113,0.3929
" Albus and Draco have a calm but venomous interchange -LRB- respectively -RRB- , during which Albus and Harry -LRB- with the help of Dobby 's unspoken hints -RRB- essentially expose Lucius sneaking Riddle 's diary -LRB- one of his illegal artefacts -RRB- into Ginevra 's school things during the fight with Arthur at Flourish and Blotts .",-1.35,1," 252",0.05,0.1,0.05,0.15,0.2,0.1,0.1,0.25,0.33625,-0.48062,0.57188
" This is supposed to frame Ginevra for the attacks , with heavy implications on the Muggle Protection Act Arthur has been suggesting .",0.3,1," 253",0,0,0,0,0,0,0,0,0.30455,-0.955,0.28682
" Draco dares Albus to prove Draco 's accusation , and while the Headmaster has insufficient evidence to do that , Draco cautions Draco against orchestrating any further such plots , otherwise Draco is certain that Arthur would do whatever it took to trace it back to Draco . Knowing that a master can release his house-elf by giving them some clothes , Harry tricks Draco into freeing Dobby by giving Draco one of his own socks , which Harry promptly throws away to be caught by Dobby .",0.875,2," 254 255",0,0,0,0,0.4285714286,0.1428571429,0.2857142857,0.1428571429,0.55145,-1.09645,0.36548
" Draco 's retribution is thwarted by the now free Dobby , who then thanks Harry profusely and disappears .",-0.3,1," 256",0,0,0,0,0.4,0.4,0,0.2,0.93,-0.688,0.768
" The petrified people are cured , Rubeus is released from Azkaban , Gilderoy is sent to a hospital and Lucius Draco is fired from his post as school governor .",-1,1," 257",0,0,0,0.6,0,0.2,0,0.2,0.54607,-0.84679,0.34714
" The book ends with Harry at King 's Cross , crossing the barrier back to the Muggle world .",-0.4,1," 258",0,0,0,0,0.5,0.3333333333,0,0.1666666667,0.57,-1.30125,-0.0425
