"paragraph","nrc_sentiment","no_of_interactions","sentence_id","anger","anticipation","disgust","fear","joy","sadness","surprise","trust","Valence","Arousal","Dominance"
" Harry spends another summer holiday with the Dursley in mid- , and things have n't been that easy for Harry . Over the summer , Dursley have forbidden Harry to talk to any of the neighbours out of fear of Harry exposing Harry 's magical abilities .",0.6,2," 1 2",0.272727272727273,0.181818181818182,0,0.0909090909090909,0.181818181818182,0.181818181818182,0.0909090909090909,0,1.03,-0.50125,0.61344
" The separation from Harry 's magical supplies -LRB- e.g. Harry 's wand , Harry 's broomstick , spellbooks , etc. -RRB- have become a real problem for Harry , too , because Harry 's teachers at Hogwarts School of Witchcraft and Wizardry have given Harry a lot of summer homework .",-0.2,2," 3",0.2,0.0666666666666667,0,0.2,0.0666666666666667,0.266666666666667,0.0666666666666667,0.133333333333333,0.70867,-0.75333,0.54933
" Harry has seized the opportunity to start it a week after Harry 's arrival home by sneaking some of Harry 's books upstairs and hiding them in Harry 's room while Dudley and Petunia go out to admire Vernon 's new company car . None of Dursley have noticed Harry studying magic every night since then , and Harry has been very careful to avoid trouble with them , for Harry 's aunt and uncle have already been in a bad mood with Harry due to a telephone call they got from their nephew 's best friend at Ronald Ronald , about which Vernon has furiously confronted Harry , even though Harry does n't know how Ronald got their home number .",-0.0499999999999998,2," 4 5",0.19047619047619,0.19047619047619,0.0476190476190476,0.19047619047619,0.0476190476190476,0.142857142857143,0,0.19047619047619,0.92319,-1.01245,0.57904
" The incident must have simply made Ronald warn Hermione not to call , as Harry received no word from them afterwards .",-0.4,1," 6",0.125,0.125,0,0.125,0,0.125,0.25,0.25,0.61,-0.7525,0.8175
" The only improvement in Harry 's relationship to Dursley that gets changed is that they have given Harry permission to let Hedwig out at night with a promise not to use her to send letter to Ronald or Hermione , since Vernon could n't take the screeching racket she makes while bored if she gets locked in her cage all the time .",1.2,1," 7",0.111111111111111,0.222222222222222,0,0,0.222222222222222,0.222222222222222,0,0.222222222222222,0.54217,-1.0463,0.43065
" On  July -LRB- Harry 's thirteenth birthday -RRB- , after midnight , Harry receives gifts and letters from Ronald , Hermione and Rubeus , each wishing Harry a happy birthday and sending Harry a gift . According to Ronald , Arthur , won a '' Daily Prophet '' Prize Draw for seven hundred galleons and has used it to take the Weasley to Egypt to visit William , with the remainder being used to provide Ronald with a new wand to replace the one that was broken last year .",3.4,2," 8 9",0.105263157894737,0.263157894736842,0,0.105263157894737,0.157894736842105,0.105263157894737,0.105263157894737,0.157894736842105,1.18368,-0.95794,0.78485
" Harry also learns that Percy is entering Percy 's seventh year at Hogwarts and has been named Head Boy .",0.25,1," 10",0.333333333333333,0,0.333333333333333,0,0,0.333333333333333,0,0,1.02556,-1.17667,0.83556
" According to Hermione , Hermione and Hermione 's parents are currently spending the holiday in France .",0.8,1," 11",0,0.5,0,0,0.5,0,0,0,1.476,-1.034,0.678
" Also , both Ronald and Hermione mention in their letters they will be in London on the last week before term to pick up their school supplies and want Harry to join them .",0.25,1," 12",0.333333333333333,0,0,0,0,0.333333333333333,0,0.333333333333333,0.72364,-1.38409,0.67227
" Rubeus hints in Rubeus 's letter the book Rubeus sent Harry will come in handy next term but Rubeus wants the reason for it to be a surprise until the term starts .",1.7,1," 13",0.166666666666667,0.166666666666667,0,0.166666666666667,0.166666666666667,0.166666666666667,0.166666666666667,0,1.09143,-1.05821,0.81964
" Another letter from Minerva arrives , saying that third years are allowed to visit the village of Hogsmeade and that their guardian needs to sign the permission form in order for them to do so .",1.3,1," 14",0,0.5,0,0,0,0,0,0.5,0.79937,-1.45531,0.89031
" When Harry awakes the next morning , Harry goes downstairs hoping to watch TV .",0.6,1," 15",0.25,0.25,0,0.25,0,0.25,0,0,1.35917,-0.46083,1.2375
" Unfortunately for Harry , Harry finds Harry 's Vernon and Dudley already watching the news and sits down with them unnoticed as the channel 's anchorman is halfway through the report on word from the Muggle Prime Minister out on the London streets of an escaped convict , Sirius , who Vernon comments looks like Harry came from an asylum rather than a prison . This is obviously because the mental state of Sirius 's gaunt face and elbow-length hair is almost like comparing Harry to Harry , who luckily feels well groomed .",-0.725,2," 16 17",0.333333333333333,0,0.0666666666666667,0.266666666666667,0,0.266666666666667,0,0.0666666666666667,0.465,-1.07467,0.549
" The reporter then transitions to his report on the Ministry of Agriculture and Fisheries ' announcement without implying beforehand which prison or asylum Sirius has escaped from , much to Vernon 's confusion . Nonetheless , Vernon announces to the family that Vernon 's sister , -LSB- -LSB- Marjorie | Marjorie `` Marge '' Dursley -RSB- -RSB- , is coming to visit for a week .",-0.425,2," 18 19",0.166666666666667,0.166666666666667,0,0.333333333333333,0.0833333333333333,0.0833333333333333,0,0.166666666666667,0.25421,-1.05316,-0.00316
" Harry agrees to behave normally during her visit , if Harry 's uncle will sign Harry 's permission form and has to send Hedwig to Percy , Ronald , Arthur and William for the week due to Marge not knowing that Harry is a wizard .",2.7,1," 20",0.25,0.25,0,0,0,0.25,0.25,0,0.97467,-1.35667,0.68067
" On the final night , when she calls James , a lazy good for nothing drunk , Harry loses Harry 's temper and accidentally inflates her . She explodes and Harry decides to take Harry 's school things and run away , fearing Harry will almost certainly be expelled from Hogwarts , after using magic outside school .",-2.15,2," 21 22",0.153846153846154,0.153846153846154,0,0.0769230769230769,0.0769230769230769,0.153846153846154,0.153846153846154,0.230769230769231,0.11455,-0.71227,0.03432
" He reaches Magnolia Crescent and sees a Sirius staring at him .",-0.25,1," 23",NA,NA,NA,NA,NA,NA,NA,NA,0.84,-1.112,0.846
" In Harry Harry falls and the Knight Bus , a triple-decker bus designed for wizard transportation , arrives . The dog vanishes and is nowhere in sight .",0.375,2," 24 25",0.25,0.25,0,0,0,0.25,0.25,0,0.81455,-0.975,0.25409
" Harry meets the Knight Bus 's conductor , Stan Shunpike and the driver , Ernie Prang .",0.6,1," 26",0.5,0,0,0,0,0.5,0,0,0.775,-1.2675,0.45
" Harry departs on the Knight Bus to the Leaky Cauldron in London .",-0.15,1," 27",0.5,0,0,0,0,0.5,0,0,-0.4925,-0.8825,-0.32
" Harry learns from the Daily Prophet , Sirius , the same convict and a follower of Tom , broke out of Azkaban , the first person to ever do so . Sirius was imprisoned for murdering thirteen people with a single curse in  , right after James , Harry and Lily 's murder . At the Leaky Cauldron , Harry meets the Minister for Magic , Cornelius , in person , though Harry has to pretend that Harry does n't know Harry since Harry and Ronald were technically breaking school rules during Harry and Ronald 's previous school year when Harry and Ronald saw Harry in Rubeus 's Hut .",-1.75,3," 28 29 30",0.225806451612903,0.0645161290322581,0.129032258064516,0.161290322580645,0,0.290322580645161,0.032258064516129,0.0967741935483871,0.19446,-0.84716,0.29541
" After explaining that Marge has been restored to normal and her memory modified , to Harry 's surprise , Fudge does n't take any action against Harry stating that accidental uses of magic do n't count as violations of the Decree for the Reasonable Restriction of Underage Sorcery .",0.1,1," 31",0.142857142857143,0.0714285714285714,0,0.285714285714286,0.0714285714285714,0.142857142857143,0.214285714285714,0.0714285714285714,0.55,-0.88729,0.35583
" Fudge books a room for Harry , where Harry will stay for the rest of the summer , but refuses to sign Harry 's Hogsmeade permission slip . Harry spends the rest of the holidays in Diagon Alley , purchasing Harry 's school things and making sure not to make any unnecessary purchases .",-0.425,2," 32 33",0.333333333333333,0,0,0,0,0.333333333333333,0.166666666666667,0.166666666666667,0.98739,-1.08957,0.76478
" On the last day of the holidays , Harry meets up with Ronald , Hermione and the rest of Percy , Ronald , Arthur and William who are also staying at the Leaky Cauldron .",-0.75,1," 34",0.5,0,0,0,0,0.5,0,0,1.14889,-1.31222,0.62778
" When Hermione decides to spend Hermione 's birthday money on a magical pet , to Hermione purchases a cat named Crookshanks , who harasses Ronald 's pet rat Scabbers .",0.65,1," 35",0.0769230769230769,0.230769230769231,0.0769230769230769,0.0769230769230769,0.230769230769231,0,0.230769230769231,0.0769230769230769,1.09917,-0.24333,0.43833
" At some point during the night , Harry overhears a conversation between Ronald 's parents , Arthur and Molly . From what Ronald hears , Ronald learns that when Tom met his downfall , Sirius lost everything , and is now trying to kill Harry . Harry realises that Fudge let Harry off because Harry was relieved to find Harry alive . Harry is unconcerned about Sirius , doubting that the escapee could harm Harry at Hogwarts , with headmaster Albus around .",-0.625,4," 36 37 38 39",0.235294117647059,0.0588235294117647,0,0.176470588235294,0.0588235294117647,0.411764705882353,0,0.0588235294117647,0.44913,-0.84848,0.48217
" The next day , shortly before he boards the Hogwarts Express , Arthur tried to warn him about Sirius and makes him promise not to go looking for Sirius no matter what Arthur hears .",0,1," 40",0,0.285714285714286,0,0.142857142857143,0.142857142857143,0,0.142857142857143,0.285714285714286,0.87727,-0.86318,0.97045
" Harry tells Harry that Harry already knows because Harry heard Mr and Mrs Weasley talking about it earlier . Harry is also confused and asks why Harry would go looking for somebody who wanted to kill Harry .",-0.625,2," 41 42",0.333333333333333,0,0,0.166666666666667,0,0.5,0,0,0.59472,-0.88875,0.53306
" On the train , Harry , Ronald and Hermione share a compartment with Remus , the new Defence Against the Dark Arts teacher .",0.95,1," 43",0.142857142857143,0.142857142857143,0,0,0.142857142857143,0.285714285714286,0,0.285714285714286,1.41714,-1.08143,0.55
" After several hours , the train stops and a sinister , cloaked figure enters .",-1.15,1," 44",0.333333333333333,0,0.333333333333333,0.333333333333333,0,0,0,0,-0.00833,-0.89333,0.56
" It sucks the happiness out of Harry , who faints . The creature then approaches Harry , possibly to kiss him , until Remus drives it off with a spell . After Harry recovers , Remus hands Harry and the others some chocolate and explains that the creature was a Dementor , one of the Azkaban Guards , and that they were searching the train for Sirius . At Hogwarts , Draco taunts Harry over Harry 's reaction to the Dementor . After getting inside , Minerva calls Harry and Hermione to Minerva 's and takes Harry and Hermione to Minerva 's office .",-0.03,5," 45 46 47 48 49",0.208333333333333,0.166666666666667,0.0833333333333333,0.0833333333333333,0.125,0.208333333333333,0.0416666666666667,0.0833333333333333,0.802,-0.7588,0.5364
" Once there , Minerva reveals that Remus had informed Minerva 's by Owl Post of Harry 's adverse reaction to the Dementor and wants Harry looked at by Poppy to see if Harry 's ill . The matron confirms that Harry 's fine .",-0.325,2," 50 51",0.307692307692308,0,0.153846153846154,0.153846153846154,0,0.307692307692308,0,0.0769230769230769,0.52923,-1.17231,0.76154
" After Minerva 's business with Hermione is concluded , they return to the Great Hall to find that they missed the sorting ceremony .",0.6,1," 52",0,0,0,0,0.5,0,0.5,0,0.86,-1.56,0.59
" Albus announces the two changes in staffing during the year : Remus , and Rubeus , who has been made the Care of Magical Creatures teacher due to the retirement of Professor Kettleburn .",2.4,1," 53",0,0.2,0,0.1,0.2,0.1,0.1,0.3,1.23929,-1.17714,0.42857
" Albus also announces that Dementors are to be stationed around the school as a precaution against Sirius . Lessons start the next day . Harry , Ronald and Hermione head to the North Tower for their first Divination lesson .",0,3," 54 55 56",0.142857142857143,0.428571428571429,0,0,0,0.142857142857143,0,0.285714285714286,0.78393,-1.17143,0.70893
" They meet Sybill Trelawney and predict future events using tea leaves .",0,1," 57",0,1,0,0,0,0,0,0,0.95571,-0.78,0.44571
" Harry sees a black dog in Harry 's tea cup , which Trelawney identifies as the Grim , the omen of death . This worries Harry , as Harry remembers the black dog Harry saw when Harry ran away . In their next lesson , Minerva assures Harry that Trelawney has predicted the deaths of a number of students , none of whom have died . In their Care of Magical Creatures lesson , Rubeus teaches them about hippogriffs -LRB- horse/eagle creatures -RRB- .",-0.1125,4," 58 59 60 61",0.166666666666667,0.2,0.0666666666666667,0.1,0.0333333333333333,0.233333333333333,0.0666666666666667,0.133333333333333,0.5205,-0.74383,0.40983
" Although initially nervous , Harry successfully approaches and rides a grey hippogriff named Buckbeak . Later in the lesson , Draco , who had not been listening to Rubeus 's lecture , insults Buckbeak , causing it to slash his arm with its talons . He is taken to the hospital wing , and Rubeus fears that he will take the blame for letting Buckbeak attack Draco , even though Draco provoked it in the first place . Harry and Harry 's friends offer to help him clear Buckbeak .",-0.6875,4," 62 63 64 65",0.333333333333333,0.111111111111111,0.0555555555555556,0.222222222222222,0,0.166666666666667,0,0.111111111111111,0.12078,-0.65313,0.27438
" This makes Rubeus sober up and finally notice that Harry 's there . Rubeus angrily tells Harry off for leaving the castle after dark and escorts the trio back to Gryffindor Tower personally .",-0.35,2," 66 67",0.2,0.1,0.1,0,0.1,0.3,0.1,0.1,0.45591,-1.01818,0.485
" Later in the week , in Potions , Draco returns with a heavily bandaged arm .",0,1," 68",NA,NA,NA,NA,NA,NA,NA,NA,0.33167,-1.17,0.61333
" Although it is implied that Draco is exaggerating the seriousness of the injury , there is no way to prove it .",-0.8,1," 69",0.2,0,0,0.4,0,0.4,0,0,0.13889,-1.18,0.15667
" Harry learns that Sirius has been sighted near Hogwarts . During the lesson , Draco hints that Sirius may be connected to Harry 's past .",0.2,2," 70 71",0.333333333333333,0.166666666666667,0,0,0,0.333333333333333,0,0.166666666666667,1.105,-1.17,0.958
" In Defence against the Dark Arts , Remus teaches the third years about Boggarts , shape-shifters that take the shape of a person 's worst fear . The class then take on the Boggart , forcing it to assume a shape they find amusing . When it comes to Harry 's turn Harry is sure the Boggart will turn into a Dementor but Remus jumps in and repels the Boggart for Harry . Faced by Remus , the Boggart takes the shape of a bright glowing orb . Harry is disappointed that Remus does not let Harry fight the Boggart , thinking that Remus feels Harry is not up to the task .",-0.47,5," 72 73 74 75 76",0.384615384615385,0,0.0769230769230769,0.153846153846154,0.0769230769230769,0.307692307692308,0,0,0.55671,-0.96684,0.625
" In October , the Gryffindor Quidditch team practises hard for the upcoming Quidditch season , especially since this is their team captain Oliver Wood 's final year at Hogwarts .",0.15,1," 77",0,0,0,0,0,0,0,1,0.753,-1.252,0.605
" Oliver believes that despite the misfortune which occurred during the previous two years their team should be able to win the Quidditch Cup before he graduates .",-0.25,1," 78",0,0,0,0.333333333333333,0,0.333333333333333,0,0.333333333333333,0.95,-1.3075,0.70333
" Third years are also visiting Hogsmeade on Hallowe'en , and only Harry is not allowed , because his uncle did not sign his permission form .",0.8,1," 79",0.5,0,0,0,0,0.5,0,0,0.82,-1.50545,0.71545
" Harry spends the day in Remus 's office , drinking tea with Harry . Remus tells Harry that Harry did not let Harry face the Boggart because Harry did not want the Boggart to become Tom .",0,2," 80 81",0.5,0,0,0,0,0.5,0,0,0.82636,-1.32545,0.80545
" Shortly afterwards , Severus appears with a mysterious potion for Remus .",-0.4,1," 82",0,0.5,0,0.25,0,0,0.25,0,0.65,-0.39667,0.02667
" Remus claims to simply have an illness that is aided by the potion .",-0.75,1," 83",0,0,0,0.5,0,0.5,0,0,-0.24944,-0.74778,0.00889
" A few hours later , Ronald and Hermione return .",0,1," 84",NA,NA,NA,NA,NA,NA,NA,NA,0.5,-1.665,0.98
" They reach the portrait of Fat and see it slashed and that Fat is gone .",-1,1," 85",0,0,0.5,0,0,0.5,0,0,0.11625,-0.97875,0.315
" Peeves reveals that he saw her fleeing through another portrait after Sirius attacked her for not letting him into Gryffindor Tower . Albus , Percy and Argus seek her out .",-0.9,2," 86 87",0,1,0,0,0,0,0,0,0.12687,-0.77,0.66687
" Every student is moved in the Great Hall to sleep while teachers search the castle .",0.5,1," 88",NA,NA,NA,NA,NA,NA,NA,NA,1.38889,-1.25556,0.65333
" They fail to find any sign of Sirius , and Severus suggests that someone inside the castle helped Sirius gain entry .",0.8,1," 89",0,0.5,0,0,0.5,0,0,0,0.4775,-0.78625,1.07875
" Albus refutes this argument .",-1.2,1," 90",1,0,0,0,0,0,0,0,-1.505,-0.115,0.305
" Nobody talks about anything but Sirius for the next few days .",0,1," 91",NA,NA,NA,NA,NA,NA,NA,NA,1.5,-1.5,1.015
" The refuses to return to work until Sirius is caught .",-0.55,1," 92",NA,NA,NA,NA,NA,NA,NA,NA,0.248,-1.126,0.46
" Because of this , Albus is forced to replace her with Sir Cadogan the Mad Knight .",-0.4,1," 93",0.166666666666667,0,0.166666666666667,0.333333333333333,0,0.166666666666667,0,0.166666666666667,-0.093,-0.68,0.194
" Nobody is happy about this both because Albus changes the password twice a day and because Albus 's for the most part annoying but there 's nothing they can do because none of the other pictures wanted the job because of what happened to Fat .",-0.5,1," 94",0.166666666666667,0.166666666666667,0.166666666666667,0,0.166666666666667,0.166666666666667,0,0.166666666666667,0.706,-1.11533,0.658
" Meanwhile , because of the attack , an annoyed Harry gets place under surveillance : Teachers find excuses to go down the halls with him , Percy , acting on his mother 's orders , follows him everywhere like a guard dog .",-1.9,1," 95",0.181818181818182,0.0909090909090909,0,0.272727272727273,0.0909090909090909,0.181818181818182,0,0.181818181818182,0.46375,-0.735,0.33125
" Minerva decides to reveal the truth to Harry but Harry reveals he already knows Sirius 's after him . Minerva explains that 's why Minerva does n't want him practising Quidditch in the evenings but Harry states he 's got to train .",0.5,2," 96 97",0.4,0,0,0,0,0.4,0,0.2,1.17571,-1.255,0.94357
" Minerva agrees and decides to ask Madam Hooch to be present .",0.75,1," 98",0,0.25,0,0,0.25,0,0.25,0.25,0.97,-1.30571,0.85857
" Gryffindor 's first Quidditch match is coming up , but due to Draco 's injury , Slytherin can not play .",-0.75,1," 99",0.25,0.25,0,0.25,0,0.25,0,0,0.66,-1.03187,0.36063
" Gryffindor plays Hufflepuff instead .",0,1," 100",NA,NA,NA,NA,NA,NA,NA,NA,2.55,-1.19,1.29
" On the day before the match , Remus becomes ill and Severus teaches his classes for him .",-0.5,1," 101",0.25,0,0.25,0.25,0,0.25,0,0,1.285,-1.405,0.743
" Oddly , he ignores Remus 's syllabus and instead gives a lesson on werewolves and assigns the class to write an essay on werewolves .",-0.8,1," 102",0,0.5,0,0,0,0,0,0.5,0.102,-0.893,0.277
" During the match , it is raining badly and Harry sees a large black dog resembling the Grim in the topmost empty row of seats in the Quidditch stadium . Dementors enter the match causing Harry to faint and fall from Harry 's broomstick .",-1.525,2," 103 104",0.307692307692308,0.0769230769230769,0.0769230769230769,0.0769230769230769,0,0.461538461538462,0,0,0.34763,-1.19974,0.21921
" Harry realises that the screaming Harry had been hearing during Harry 's Dementor-induced fainting spells is Harry 's mother in her last moments . Albus saves Harry , but Albus 's Nimbus  broomstick flies into the Whomping Willow and is destroyed .",-0.475,2," 105 106",0.222222222222222,0.0555555555555556,0.0555555555555556,0.222222222222222,0.0555555555555556,0.277777777777778,0.0555555555555556,0.0555555555555556,0.83467,-0.91933,0.642
" Hufflepuff win the match shortly afterwards .",0.5,1," 107",0,1,0,0,0,0,0,0,1.4625,-0.6825,1.8925
" After the match , Harry wakes up in the Hospital Wing and learns what happened , including that Oliver Wood has declined Hufflepuff captain Cedric Diggory 's offer for a rematch .",0.1,1," 108",0.2,0,0,0.2,0,0.4,0,0.2,0.62577,-1.13115,0.63423
" Alarmed by the adverse effects the Dementors have on him , Poppy insists that Harry stay in the hospital wing for the rest of the weekend .",-1.25,1," 109",0.222222222222222,0,0.111111111111111,0.222222222222222,0,0.333333333333333,0,0.111111111111111,0.416,-0.648,0.691
" The following week , Remus is back teaching class and states that the class does n't have to write the essay Severus assigned for them , though Hermione has finished Hermione .",0,1," 110",NA,NA,NA,NA,NA,NA,NA,NA,0.66133,-1.34867,0.568
" After class , Harry goes to Remus wondering why the Dementors affect Harry so much .",0,1," 111",0.5,0,0,0,0,0.5,0,0,1.095,-0.68,0.85
" Remus explains that Dementors are fear itself and they pull forth the horrors from a person 's past , which is why just before Harry faints , Harry hears Harry 's mother screaming before she dies and why the Dementors affect Harry worse than anyone else . Harry asks Remus if Harry can give Harry private lessons on the spell to drive off Dementors in case another one arrives at a Quidditch match .",-1.9,2," 112 113",0.210526315789474,0.0526315789473684,0.0526315789473684,0.263157894736842,0.0526315789473684,0.315789473684211,0,0.0526315789473684,0.4136,-0.7556,0.4592
" Remus says he will , but after the Christmas holidays , citing his frequent illness .",-0.75,1," 114",0,0,0,0.5,0,0.5,0,0,0.60714,-0.52571,0.87
" Hufflepuff is defeated by Ravenclaw in their next Quidditch match , which gives the Gryffindor team a chance in the running for the Quidditch Cup . Harry , who uses an old school broom in training sessions , is busy looking to obtain a new broomstick for himself so Gryffindor can stand a chance in their remaining matches .",0.15,2," 115 116",0.142857142857143,0,0,0,0,0.285714285714286,0.285714285714286,0.285714285714286,0.6152,-1.1644,0.4742
" During the last weekend before the holidays , while the eligible students visit Hogsmeade , Harry is yet again not able to go .",1.2,1," 117",0.5,0,0,0,0,0.5,0,0,1.62,-0.7,1.07333
" To bring some Christmas cheer to Harry reveal Harry know secret passages in and out of Hogwarts .",0.75,1," 118",0.142857142857143,0.142857142857143,0,0,0.142857142857143,0.142857142857143,0.142857142857143,0.285714285714286,1.43429,-0.65857,0.94286
" Harry give Harry the Marauder 's Map as a Christmas present and instruct him on how to use it .",0.65,1," 119",0.142857142857143,0.142857142857143,0,0,0.142857142857143,0.142857142857143,0.142857142857143,0.285714285714286,1.625,-0.38667,0.92167
" It shows Hogwarts ' secret passages , corridors , classrooms , offices , common rooms , etc. , as well as every person 's location within the castle and the grounds .",0.8,1," 120",0,0,0,0,0,0,0,1,0.62,-1.28182,0.66182
" Harry uses the Marauder 's Map to sneak into Hogsmeade . He then meets Ronald and Hermione in Honeydukes , where they were discussing what kind of sweets to get Harry .",0.25,2," 121 122",0.272727272727273,0.0909090909090909,0,0.0909090909090909,0.181818181818182,0.181818181818182,0.0909090909090909,0.0909090909090909,1.12444,-1.16778,0.93
" They visit Broomstick , a pub run by Madam Rosmerta .",0.4,1," 123",NA,NA,NA,NA,NA,NA,NA,NA,0.73,-0.998,0.315
" When Cornelius , Minerva , Filius and Rubeus arrive , Harry hides underneath their table to avoid being seen .",-0.5,1," 124",0.25,0.25,0,0.25,0,0.25,0,0,0.55833,-1.205,0.64
" The trio overhears a conversation between the group and Madam Rosmerta , in which they discuss how Sirius is a close childhood friend of James , and that he is Harry 's godfather . The group goes on to talk about James , Harry and Lily learned how Tom had marked James , Harry and Lily for death by Albus , who had been tipped off by a spy . Albus had advised James , Harry and Lily to go into hiding using the Fidelius Charm , a concealment charm so powerful it can only be broken if the Secret Keeper , the person the spell is bound to , reveals it to the person the witch or wizard does n't want to be found by . James insisted on using Sirius despite Albus offering to be his family 's Secret Keeper due to fearing that a friend of the Potters ' had turned traitor and joined Tom as a spy because Tom trusted Sirius beyond all Tom 's other friends .",0.5,4," 125 126 127 128",0.195652173913043,0.0869565217391304,0.0869565217391304,0.173913043478261,0.108695652173913,0.130434782608696,0.0434782608695652,0.173913043478261,0.71051,-1.05225,0.47181
" One week later , Sirius sold out James , Harry and Lily to Tom , who met Tom 's downfall in Harry . Ths forced Sirius to run for it . Peter , another of James 's friends , confronted Sirius for the betrayal and he and twelve Muggles were killed by Sirius with a single curse . Sirius was taken to Azkaban afterwards . It 's also revealed that Sirius is n't affected by the Dementors at all . After they leave , Ronald and Hermione stare at a devastated Harry . Harry is depressed both about the truth about Sirius and that no one bothered to tell Harry before .",-0.728571428571429,7," 129 130 131 132 133 134 135",0.272727272727273,0,0.0909090909090909,0.181818181818182,0,0.363636363636364,0.0454545454545455,0.0454545454545455,0.07742,-0.87855,0.28016
" Harry is also continuing to have nightmares about Dementors and Harry 's mother screaming . During the start of the holidays , Ronald and Hermione try to console Harry but Harry chooses to go to Rubeus 's house to ask Harry about Sirius despite Ronald and Hermione 's protests . When the trio arrives at his house , they find him distraught about Buckbeak 's upcoming hearing before the Committee for the Disposal of Dangerous Creatures , and Harry decides it is better not to bring Sirius up .",-0.6,3," 136 137 138",0.210526315789474,0.105263157894737,0.0526315789473684,0.157894736842105,0.0526315789473684,0.315789473684211,0,0.105263157894737,0.60018,-0.69054,0.43482
" Rubeus reveals that Rubeus had a horrible experience with the Dementors during Rubeus 's brief time in Azkaban .",-0.75,1," 139",0.25,0.25,0.25,0.25,0,0,0,0,0.44917,-0.99333,0.825
" Rubeus ca n't set Buckbeak free without the risk of being sent back there .",-0.25,1," 140",0,0.5,0,0.5,0,0,0,0,0.87643,-1.08143,0.48429
" The trio then decides to help Rubeus prepare Rubeus 's defence for Buckbeak 's case .",0.1,1," 141",0,0.333333333333333,0,0.333333333333333,0,0.333333333333333,0,0,0.794,-1.307,1.133
" For Christmas , among his other presents , Harry receives the best model Broomstick ever released : the Firebolt .",0.9,1," 142",0.5,0,0,0,0,0.5,0,0,1.54143,-0.67571,1.28286
" Hermione is not happy when Hermione learns that it came without a note , and is driven out of Harry and Ronald 's dormitory after Crookshanks attacks Scabbers again . During Christmas dinner , Hermione reports the mystery gift to Minerva , who sends it away to have it tested for tampering . Both Hermione and Minerva suspect Sirius might have sent the broomstick and that it could be jinxed .",0.0666666666666667,3," 143 144 145",0.0909090909090909,0.272727272727273,0,0.0909090909090909,0.181818181818182,0.0909090909090909,0.181818181818182,0.0909090909090909,0.57375,-0.695,0.35542
" Harry ceases speaking with Hermione , even though Harry knew she had good intentions with reporting the Firebolt .",1,1," 146",0.166666666666667,0.166666666666667,0,0,0.166666666666667,0.166666666666667,0.166666666666667,0.166666666666667,0.76375,-1.3275,0.63
" Ronald is also no longer on speaking terms with Hermione because Crookshanks has been attacking Scabbers non-stop .",-0.5,1," 147",0.2,0,0.2,0.2,0,0.2,0.2,0,0.28333,-0.79667,0.25
" Meanwhile , Harry starts Harry 's lessons with Remus . Remus tells Harry that the spell to drive off Dementors is called the Patronus Charm , instructs Harry in how to cast one , and lets Harry practise on a Boggart .",0.375,2," 148 149",0.4,0.2,0,0,0,0.4,0,0,1.06167,-1.23167,0.82667
" Harry fails to produce a Patronus at first . This , however , is to be expected ; the Patronus Charm is well beyond O.W.L. standard .",0.525,2," 150 151",0.333333333333333,0.333333333333333,0,0,0,0.333333333333333,0,0,0.86889,-0.9,0.62778
" During Harry learns that Remus was a friend of Harry 's father James back during their days at Hogwarts , and also knew Sirius as well .",1.6,1," 152",0.2,0,0,0,0.2,0.2,0,0.4,1.37714,-1.33571,0.79857
" In January , Slytherin beats Ravenclaw in their Quidditch match .",0,1," 153",NA,NA,NA,NA,NA,NA,NA,NA,0.1675,-0.7275,0.7575
" Gryffindor 's chances of getting the Quidditch Cup are good , as long as they do n't lose in their own match against Ravenclaw .",0.75,1," 154",0.1,0.2,0.1,0.1,0.1,0.1,0.2,0.1,0.82188,-1.29688,0.56063
" By February , Harry becomes quite good at producing a Patronus after a few lessons , but does n't master it entirely . At the end of a lesson , Remus explains the concept of a Dementor 's Kiss and reveals that it will be Sirius 's punishment , as an article in the Daily Prophet confirmed that the Ministry gave the Dementors permission to use the Kiss on Sirius when they find Harry .",2.025,2," 155 156",0.136363636363636,0.227272727272727,0.0454545454545455,0.0454545454545455,0.136363636363636,0.0909090909090909,0.0909090909090909,0.227272727272727,0.8236,-1.0456,0.7884
" While thinking about the horror of the punishment , Harry runs into Minerva on Harry 's way back to Gryffindor Tower .",-1.5,1," 157",0.3,0,0.2,0.2,0,0.2,0.1,0,-0.035,-0.74143,0.00571
" Minerva gives Harry back the Firebolt , which has been proven not to be jinxed , and suggests that Harry practise with it before the match .",0.5,1," 158",0.25,0.25,0,0,0,0.25,0,0.25,0.75611,-1.38722,0.485
" Harry meets up with Ronald and they decide to go make up with Hermione .",0,1," 159",0.5,0,0,0,0,0.5,0,0,1.195,-1.165,0.93
" Outside Gryffindor Tower , they bump into Neville who 's in trouble because Harry lost a list . After the pair let Harry in , Neville tells Harry and Ronald that Harry made a list of the passwords for Gryffindor Tower because Sir Cadogan is still changing Harry and Ronald twice a day but somehow Harry and Ronald got lost .",-0.875,2," 160 161",0.285714285714286,0,0,0,0,0.571428571428571,0,0.142857142857143,0.24421,-1.14632,0.40947
" Harry attempts to patch things up with Hermione but Scabbers disappears after Harry and Ronald arrive at Gryffindor Tower , ruining any chance for Ronald and Hermione 's reconciliation .",-0.6,1," 162",0.142857142857143,0.285714285714286,0,0,0.142857142857143,0.142857142857143,0.142857142857143,0.142857142857143,0.05333,-0.81667,0.56889
" As March arrives , a new Quidditch match approaches : Gryffindor vs. Ravenclaw .",0.8,1," 163",NA,NA,NA,NA,NA,NA,NA,NA,1.37375,-0.58875,1.00375
" Harry spends the last practise session before the match getting used to Harry 's Firebolt .",0,1," 164",0.333333333333333,0.333333333333333,0,0,0,0.333333333333333,0,0,0.8175,-1.32083,0.66583
" During the game , just as Harry is about to catch the Snitch , Cho Chang , a fourth year Seeker for the Ravenclaw team , screams .",-1.6,1," 165",0.25,0,0,0,0,0.25,0.25,0.25,0.42625,-0.43125,0.49125
" Harry looks around and sees three Dementors in the stands .",0,1," 166",0.5,0,0,0,0,0.5,0,0,0.73,-1.465,0.805
" Harry reacts instantly , sending a full-fledged Patronus at the Dementors .",-0.25,1," 167",0.5,0,0,0,0,0.5,0,0,0.665,-0.545,1.03
" Harry catches the Snitch before Cho Chang , winning the match . Remus compliments Harry on Harry 's Patronus and shows Harry that the `` Dementors '' were really Vincent , Marcus , Gregory and Draco , the Slytherin team captain , trying to sabotage Harry .",-0.375,2," 168 169",0.1875,0.0625,0.125,0.0625,0.0625,0.25,0.125,0.125,0.54045,-0.625,0.65955
" A furious Minerva takes fifty points away from Slytherin and sentences all four of them to detention as punishment . The Gryffindors celebrate until Minerva tells them to go to bed .",-0.75,2," 170 171",0.333333333333333,0,0.333333333333333,0.166666666666667,0,0.166666666666667,0,0,-0.01333,-0.56417,0.25
" But Ronald still refuses to reconcile with Hermione",0.2,1," 172",NA,NA,NA,NA,NA,NA,NA,NA,0.13,-0.84,0.065
" That night , Ronald wakes up to Sirius slashing Ronald 's bed curtains in the boys ' dormitory . Everyone thinks it might be a nightmare but the curtains are indeed ripped and Sir Cadogan proves Ronald right beyond any reasonable doubt when he happily admits he let Sirius into Gryffindor Tower .",0.45,2," 173 174",0,0,0,0.333333333333333,0.166666666666667,0.166666666666667,0,0.333333333333333,0.53643,-1.06952,0.36881
" Sirius apparently had the whole week 's passwords on a piece of paper . A furious Minerva demands to know who wrote down the passwords and lost them , to which Neville admits to being the perp .",-0.775,2," 175 176",0.333333333333333,0,0.333333333333333,0,0,0.333333333333333,0,0,0.24143,-1.00857,0.36
" Another search of the castle takes place , but Sirius evades capture again . Tighter security is put in place : Filius is teaching the doors to recognise Sirius while Argus boards up everything Sirius can use to sneak in except the passageway into Hogsmeade .",-0.55,2," 177 178",0.333333333333333,0,0,0.333333333333333,0,0,0.333333333333333,0,0.56667,-0.91194,0.55194
" Sir Cadogan is fired and Fat resumes her duty guarding Gryffindor Tower on the condition her portrait is to be guarded .",-0.75,1," 179",0,0,0.25,0,0,0.25,0,0.5,0.24731,-1.11692,0.08423
" Ronald becomes an instant celebrity , which Ronald enjoys .",0.5,1," 180",0.166666666666667,0.166666666666667,0.166666666666667,0,0.166666666666667,0,0.166666666666667,0.166666666666667,1.3125,-0.595,1.0875
" Neville , on the other hand , is in complete disgrace : Minerva is so furious with Ronald that Minerva strips him of Ronald 's visitation rights to Hogsmeade for the rest of the school year , gives Ronald a detention and forbids the other Gryffindors to tell Ronald the password .",-2.75,1," 181",0.285714285714286,0,0.285714285714286,0,0,0.285714285714286,0,0.142857142857143,0.26667,-0.99833,0.42028
" Augusta , sends Ronald a Howler two days later .",0,1," 182",NA,NA,NA,NA,NA,NA,NA,NA,1.28,-1.54,0.52667
" Rubeus sends a letter to Harry , telling Harry that Harry and Ronald are to meet Ronald in the entrance hall so Ronald can take them to Ronald 's hut for tea .",0,1," 183",0.25,0.25,0,0,0,0.5,0,0,0.71955,-1.69045,0.42318
" Other than learning that Buckbeak 's trial is that week , Harry and Ronald learn that Rubeus wants to talk to Harry and Ronald on behalf of Hermione . Rubeus mentions their feud has been hurting Hermione more than they think , and that Hermione is only concerned about protecting Harry from Sirius .",0.1,2," 184 185",0.363636363636364,0,0,0.181818181818182,0,0.363636363636364,0,0.0909090909090909,0.57706,-1.00794,0.50441
" Despite Ronald 's anger reignites when Hermione threatens to tell Minerva about the Marauder 's Map , which Harry plans to use to sneak into Hogsmeade during the upcoming trip that Saturday .",-1.35,1," 186",0.428571428571429,0,0,0.142857142857143,0,0.142857142857143,0.285714285714286,0,-0.14625,-0.1725,0.23875
" While on the trip that weekend , Harry using his Invisibility Cloak to make a few stops with Ronald before visiting the Shrieking Shack , a house that is supposedly filled with violent ghosts . Vincent , Gregory and Draco show up there and provoke Ronald .",-0.825,2," 187 188",0.2,0,0.2,0.1,0,0.2,0.2,0.1,0.37625,-0.48781,0.44062
" Harry , using Harry 's cloak , attacks the trio and Draco catches a glimpse of Harry 's head . Draco later reports the incident to Severus , who interrogates Harry after Draco returns from Hogsmeade .",-0.375,2," 189 190",0.4,0,0,0,0,0.4,0.2,0,-0.16727,-0.64773,0.03455
" Severus finds the Marauder 's Map , but is not able to discover what it does and is instead bombarded by insults from the map 's makers . Remus is summoned and claims ignorance about the map , and Ronald shows up to and claims the map is a Zonko product that insults anyone who touches it . Afterwards , Remus brings Harry and Ronald to the entrance hall , where Ronald confiscates the map and reprimands Harry for not handing in something that could aid in Sirius 's capture . Ronald also scolds Ronald for risking Ronald 's life to sneak into Hogsmeade , thus undervaluing Ronald 's parent 's sacrifice .",-0.725,4," 191 192 193 194",0.4,0,0,0.2,0,0.2,0.2,0,0.30225,-0.70613,0.35685
" On their way back to Gryffindor Tower , Harry and Ronald find Hermione , who informs them that the Ministry has decided to execute Buckbeak despite the help she provided for Buckbeak 's defence .",0.4,1," 195",0.25,0,0,0,0.25,0.25,0,0.25,0.625,-1.21455,0.66409
" -LCB- -LCB- dialogue | Oliver | So you must catch it only if we 're more than fifty points up ... Only if we 're more than fifty points up , Harry , or we win the match but lose the Cup .",0.125,2," 196",0.25,0,0.125,0.125,0,0.25,0.25,0,0.53885,-1.235,0.69654
" You 've got that , Have n't you ?",0,1," 197",NA,NA,NA,NA,NA,NA,NA,NA,0.93667,-1.43,0.69667
" You must catch the Snitch only if we 're ... | Harry | I KNOW , OLIVER !",-0.5,2," 198",0.333333333333333,0,0,0,0,0.333333333333333,0.333333333333333,0,0.576,-0.912,0.246
" | Oliver constantly nagging Harry about the final Quidditch game -RCB- -RCB-",-1,1," 199",0.333333333333333,0,0,0,0,0.333333333333333,0,0.333333333333333,0.675,-0.275,-0.11
" Buckbeak 's impending execution causes the friends to reconcile .",-0.6,1," 200",0.166666666666667,0.166666666666667,0,0.333333333333333,0,0.166666666666667,0,0.166666666666667,0.2625,-0.5575,0.095
" Ronald promises to help Hermione work on filing an appeal for Buckbeak 's case , since Harry will be too busy with Quidditch practise sessions for the final match .",1.35,1," 201",0.166666666666667,0.333333333333333,0,0.166666666666667,0,0.333333333333333,0,0,0.65,-1.2425,0.545
" After Draco mocks Rubeus during one of his classes , Hermione smacks Draco in the face .",-0.5,1," 202",NA,NA,NA,NA,NA,NA,NA,NA,0.188,-0.594,0.408
" Hermione then accidentally skips Charms .",-0.6,1," 203",0,0,0,0,0,0,1,0,1.05,-0.62,0.89
" In Divination , Hermione finally explodes and drops the class .",-0.2,1," 204",0,0.333333333333333,0.166666666666667,0,0.166666666666667,0,0.166666666666667,0.166666666666667,-0.22,-0.19333,-0.66
" In May , the Quidditch final takes place : Gryffindor vs. Slytherin .",0,1," 205",NA,NA,NA,NA,NA,NA,NA,NA,0.1975,-1.0925,0.31
" Gryffindor needs to be more than fifty points ahead before Harry can catch the Golden Snitch in order to win the Quidditch Cup .",0.9,1," 206",0.333333333333333,0,0,0,0,0.333333333333333,0.333333333333333,0,0.73955,-1.10909,0.77455
" On the morning of the match , Harry catches another glimpse of the dog , this time with Crookshanks .",0,1," 207",0.333333333333333,0.333333333333333,0,0,0,0.333333333333333,0,0,1.07167,-1.1175,0.74417
" In the match , Gryffindor take an early lead , and Slytherin resorts to cheating .",-0.75,1," 208",NA,NA,NA,NA,NA,NA,NA,NA,0.89375,-1.14,0.3925
" This helps the Gryffindor team to gain penalty shots and get further ahead .",1.6,1," 209",0.166666666666667,0.166666666666667,0,0.166666666666667,0.166666666666667,0.166666666666667,0,0.166666666666667,0.07833,-0.66,0.49667
" Harry manages to catch the snitch at the right moment , allowing Gryffindor to come in first in the overall points and win the Quidditch Cup at last .",0.3,1," 210",0.333333333333333,0,0,0,0,0.333333333333333,0.333333333333333,0,0.93231,-0.99923,0.99308
" The students take their end-of-year exams in June .",0,1," 211",NA,NA,NA,NA,NA,NA,NA,NA,0.18667,-0.35333,0.27
" Buckbeak 's appeal is scheduled on the final day of the exams .",0.6,1," 212",0,1,0,0,0,0,0,0,0.40667,-1.07667,0.255
" After Harry 's Divination final , Trelawney issues a genuine prediction that Tom 's servant will return to him that night and Tom will once again rise to full power stronger than before .",1,1," 213",0.166666666666667,0.333333333333333,0,0,0,0.166666666666667,0,0.333333333333333,0.575,-0.98417,0.84917
" Meanwhile , Buckbeak 's appeal fails .",0.1,1," 214",0,1,0,0,0,0,0,0,-0.685,-0.465,0.05
" That night , after Hermione retrieves Harry 's Invisibility Cloak from the one-eyed witch 's hump -LRB- where Harry hid it after Draco spotted Harry in Hogsmeade -RRB- , Harry , Ronald and Hermione use the cloak to go to Rubeus 's cabin to console Harry before Buckbeak is executed . Hermione finds Scabbers in a milk jug and returns Harry to Ronald .",-0.075,2," 215 216",0.375,0,0.125,0.125,0,0.375,0,0,0.55605,-1.03184,0.33868
" After the trio depart , Albus , Fudge , a representative of the Committee for the Disposal of Dangerous Creatures , and the executioner , Walden Macnair , arrive .",-1.7,1," 217",0.125,0.25,0,0.25,0,0.25,0,0.125,-0.084,-0.293,-0.147
" Buckbeak is then apparently executed . Shortly afterwards , Scabbers escapes from Ronald 's grasp .",-0.125,2," 218 219",0,1,0,0,0,0,0,0,0.2675,-0.545,0.615
" Harry , Ronald and Hermione run after Ronald and spot the black dog and Crookshanks . After Ronald catches Scabbers , the dog grabs Ronald by the arm and pulls Ronald in a passage under the Whomping Willow , breaking Ronald 's leg in the process .",-0.425,2," 220 221",0.333333333333333,0,0,0,0,0.666666666666667,0,0,0.71643,-0.87107,0.44321
" Harry and Hermione follow after Harry and Hermione . The passage leads Harry and Hermione to the Shrieking Shack , where Harry and Hermione find Sirius and Ronald . Sirius turns out to be an unregistered Animagus whose animal form is a black dog ; he was the one who dragged Ronald down into the Shrieking Shack . Harry manages to overpower and subdue Sirius , who admits that Harry is responsible for the death of Harry 's parents . Remus then arrives and is accused by Hermione of being Sirius 's accomplice and a werewolf .",-0.35,5," 222 223 224 225 226",0.25,0.05,0.15,0.1,0,0.35,0.05,0.05,0.25317,-1.09433,0.37033
" Hermione deduced this following Severus 's lesson on werewolves , since Remus was always absent on nights of the full moon and Remus 's Boggart turned into the moon .",-0.2,1," 227",0,0.333333333333333,0,0,0,0.333333333333333,0,0.333333333333333,0.63091,-1.35091,0.52727
" Remus admits that he is a werewolf , but denies the charge of helping Sirius .",0.6,1," 228",NA,NA,NA,NA,NA,NA,NA,NA,0.16,-0.675,0.14167
" He explains that he found out where Harry , Ronald and Hermione went through the Marauder 's Map , since he had helped to create it and knew that the three of them would visit Rubeus that night due to Buckbeak 's execution .",1.4,1," 229",0.222222222222222,0,0,0.111111111111111,0.222222222222222,0.222222222222222,0,0.222222222222222,0.94857,-0.80857,0.545
" He also adds that he saw a supposedly dead person on the map with the trio ; Peter , who is also an Animagus and had been living for years as Scabbers . Harry , Ronald and Hermione refuse to believe that Peter is alive , pointing out that he was murdered by Sirius .",-1.125,2," 230 231",0.2,0.2,0,0,0.2,0.2,0,0.2,0.57556,-1.01056,0.525
" Sirius denies this , and Remus convinces him to tell Harry the truth of what happened . Remus tells the story about his time at Hogwarts ; he had been bitten as a child , and Albus took precautions for his stay at Hogwarts , having the Shrieking Shack and the passage leading to it built to provide Remus with a safe place to transform .",1.75,2," 232 233",0.0833333333333333,0.166666666666667,0.0833333333333333,0,0.166666666666667,0.166666666666667,0,0.333333333333333,0.69437,-1.06729,0.6875
" The Whomping Willow was planted on the entrance to the tunnel to prevent anyone from running into the transformed Remus .",-0.25,1," 234",0,0,0,1,0,0,0,0,0.95625,-0.955,0.55313
" The rumours that the Hogsmeade residents started about the Shack being haunted by violent ghosts were allowed to spread to keep people from guessing that it was actually a werewolf making those sounds .",-1.5,1," 235",0.125,0,0.25,0.25,0,0.25,0.125,0,0.30812,-0.85813,0.21875
" Eventually , Remus 's friends , James and Sirius , discovered Remus 's secret , and became Animagi to support him .",0.5,1," 236",0,0,0,0,0,0,0,1,1.502,-0.878,1.16
" Sirius became a dog to keep Remus under control with James , and Peter became a rat so he could disable the Willow by scurrying under its branches and touching a certain spot on its trunk .",-0.2,1," 237",0,0,0.25,0.5,0,0.25,0,0,0.25929,-1.0825,0.26214
" Remus admits that he has not told Albus about Sirius being an Animagus , as it would have meant admitting that he had betrayed his trust and led three students into illegally becoming Animagi .",0,1," 238",0,0,0,0,0,0,0,1,0.564,-1.18567,0.46433
" He also reveals the reason for Severus 's animosity towards Severus during the year : during their days at school , Sirius had played a near-fatal trick on Severus involving Remus in Severus 's transformed form but James saved Severus .",0.15,1," 239",0.222222222222222,0,0.111111111111111,0.222222222222222,0,0.222222222222222,0.111111111111111,0.111111111111111,0.8075,-0.85083,0.6875
" Severus thought both of them were involved with Sirius 's trick .",-0.5,1," 240",0,0.5,0,0,0,0,0.5,0,0.7975,-0.9125,0.125
" Just then , Severus arrives using Harry 's Invisibility Cloak , which Harry had left at the foot of the Whomping Willow .",0,1," 241",0.5,0,0,0,0,0.5,0,0,0.44125,-1.12313,0.5025
" Severus arrives and tries to arrest Remus and Sirius , but Harry , Ronald and Hermione , curious to hear the rest of the story , stun Severus .",-0.35,1," 242",0.5,0,0,0,0,0.5,0,0,0.915,-0.43375,0.5975
" Sirius reveals Severus broke out of Azkaban after seeing the Weasleys in Egypt in the Daily Prophet .",-0.15,1," 243",0,0.4,0,0.2,0,0.2,0,0.2,0.423,-0.985,0.338
" Severus saw Scabbers and immediately recognised it was Peter in Severus 's Animagus form -LRB- Peter was missing a finger , Scabbers was missing a toe -RRB- . Severus searched for Peter to kill Severus and avenge James , Harry and Lily ; Crookshanks helped , since Severus could tell that Scabbers was no rat and Sirius was no dog .",-0.35,2," 244 245",0.111111111111111,0.111111111111111,0.111111111111111,0.333333333333333,0,0.333333333333333,0,0,0.44421,-0.87842,0.37921
" Sirius explains after Severus gained Crookshanks ' trust , Crookshanks helped Severus get into Gryffindor Tower by stealing Neville 's list of passwords .",1.05,1," 246",0,0,0.333333333333333,0.333333333333333,0,0,0,0.333333333333333,0.58167,-1.025,1.00056
" According to Sirius , Peter was James , Harry and Lily 's Secret-Keeper .",0,1," 247",0.333333333333333,0,0,0,0,0.333333333333333,0,0.333333333333333,1.53667,-2.02667,0.51
" Peter , not Sirius , revealed the location of James , Harry and Lily 's hiding place to Tom .",0,1," 248",0.333333333333333,0,0,0.333333333333333,0,0.333333333333333,0,0,1.135,-1.28,1.1525
" Tom was a spy for Tom .",0,1," 249",NA,NA,NA,NA,NA,NA,NA,NA,0.43,-0.915,-0.33
" After Sirius confronted Peter , who killed the twelve Muggles and faked Tom 's own death by cutting Tom 's finger and turning into a rat and escaping , thus framing Sirius for the crimes .",-3.4,1," 250",0.166666666666667,0.0833333333333333,0.25,0.25,0,0.166666666666667,0.0833333333333333,0,-1.0475,-0.06292,-0.22333
" Sirius was innocent all along and means no harm to Harry , Ronald and Hermione .",0.05,1," 251",0.25,0,0,0.25,0,0.25,0,0.25,-0.23,-0.46,0.18
" Sirius and Remus force Scabbers to turn into Peter .",-0.6,1," 252",0.5,0,0,0.5,0,0,0,0,0.1625,-0.84,0.365
" During Sirius explains the obvious reason why Peter remained as a rat : he was afraid that Tom 's followers would try to kill him , thinking Peter betrayed Tom .",-2.4,1," 253",0,0,0.166666666666667,0.5,0,0.166666666666667,0,0.166666666666667,-0.26308,-0.74846,0.14538
" Sirius also knows that Peter only stayed with Percy , Ronald , Arthur and William to keep up on the news until he felt it was safe to find and rejoin his master .",0.75,1," 254",0,0,0,0,0.5,0,0,0.5,1.241,-1.378,0.602
" Hermione asks how Sirius escaped .",0,1," 255",0,0,0,1,0,0,0,0,0.725,-0.985,0.865
" He reveals that the knowledge that he was innocent kept him sane : it was not a happy thought , so the Dementors could not drain it from him .",2.75,1," 256",0,0.4,0,0,0.2,0,0,0.4,1.413,-0.935,1.096
" He also often transformed into a dog , since Dementors can not affect animal emotions .",0,1," 257",NA,NA,NA,NA,NA,NA,NA,NA,1.29083,-0.66333,0.75
" After learning where Peter was and knowing Peter would use the opportunity to capture Harry and regain favour with Harry 's allies , Sirius escaped while in Harry 's Animagus form . At long last , Harry believes Sirius .",0.775,2," 258 259",0.285714285714286,0.285714285714286,0,0.142857142857143,0,0.285714285714286,0,0,1.16923,-0.95385,0.91538
" Peter admits it 's all true and begs for mercy . Before Sirius can kill Peter , Harry stops Sirius , saying that James would not want James 's two best friends to become killers . The group takes Peter back to the grounds , where he will be handed to the Dementors . Sirius and Harry talk about the former 's friendship with James , Harry and Lily , including that Sirius is Harry 's godfather . Sirius tells Harry that Harry can choose to live with Harry if Harry wishes . Harry quickly and happily agrees , knowing this would mean Harry would never have to the return to the Dursley .",0.725,6," 260 261 262 263 264 265",0.307692307692308,0,0,0.0769230769230769,0.153846153846154,0.384615384615385,0,0.0769230769230769,0.81231,-1.12897,0.64679
" Unfortunately , the full moon rises , causing Remus , who had not taken his Wolfsbane Potion , to turn into a werewolf .",-1,1," 266",NA,NA,NA,NA,NA,NA,NA,NA,0.57667,-0.99111,0.54
" This allows Peter to knock Ronald out , turn into a rat , and escape .",-0.75,1," 267",0,0.25,0.25,0.5,0,0,0,0,0.198,-0.834,0.178
" Harry and Hermione run after Remus and Sirius -LRB- who has transformed into a dog -RRB- .",0,1," 268",0.5,0,0,0,0,0.5,0,0,1.345,-0.2025,0.81125
" After seriously injuring Sirius , Remus flees to the Forbidden Forest . A hundred Dementors arrive and suck the happiness from Harry and Hermione and Sirius and attempt to perform a Kiss on them . Before they all faint , Harry sees a familiar figure across the lake conjure a powerful stag-shaped Patronus that drives all the Dementors away . Harry , Ronald and Hermione are taken to the Hospital Wing , and Sirius is taken to West Tower , where Ronald is sentenced to a Dementor 's Kiss . When Albus arrives , Harry and Hermione try to tell him what actually happened , but Albus tells Harry , Ronald and Hermione that Albus can not save Sirius , as the evidence against Albus is too great .",0.2,5," 269 270 271 272 273",0.15625,0.21875,0.03125,0.0625,0.15625,0.15625,0.09375,0.125,0.785,-0.7141,0.61205
" Severus had lied about what happened earlier to Cornelius , and the Minister will not take the words of under-age students seriously .",-0.5,1," 274",1,0,0,0,0,0,0,0,0.13375,-1.09,0.75875
" Albus gives the group cryptic instructions and bids them good luck .",1.5,1," 275",0,0.333333333333333,0,0,0.222222222222222,0,0.222222222222222,0.222222222222222,0.99,-0.92214,0.55071
" Hermione then reveals Hermione has a Time-Turner , a device that will take them back through time .",0,1," 276",0,1,0,0,0,0,0,0,0.45214,-1.51571,0.72429
" Minerva gave the device to Minerva 's during the Sorting on their first day back ; this explains why throughout the year , there had been occasions of Hermione taking multiple classes at the same time and apparently disappearing into thin air .",0,1," 277",0,1,0,0,0,0,0,0,0.83559,-1.08706,0.59118
" Harry and Hermione travel three hours into the past , watching themselves move through previous events .",0,1," 278",0.5,0,0,0,0,0.5,0,0,0.60125,-0.835,0.68625
" They realise that Albus wanted them to travel three hours back to not only save Buckbeak from being wrongfully executed , but also to use Buckbeak to free Sirius from West Tower . After narrowly rescuing Buckbeak at the right moment before Macnair can execute him -LRB- so Albus and Rubeus would not be accused of setting Buckbeak free -RRB- , Harry and Hermione hide near the Whomping Willow in the Forbidden Forest to wait for the `` other Harry and Hermione '' and everyone else to return from the Shrieking Shack . During this time , Harry tells Hermione about the man he saw across the lake and how he thinks it was his father who conjured the Patronus . After two hours , following Harry decides they need to head back to Rubeus 's empty cabin so Remus does n't attack them . After spending some time in hiding , Harry leaves the cabin to check out the present situation and sees Harry , Hermione , and Sirius fainting from Dementors . Harry realises that the silver stag Harry saw earlier across the lake was not cast by Harry 's dad and conjures a powerful Patronus that drives all the Dementors away . When it returns to Harry , Harry pets it and realises that it was the same Patronus as `` Prongs , '' Harry 's father .",0.00714285714285715,7," 279 280 281 282 283 284 285",0.225,0.125,0.05,0.15,0.075,0.2,0.05,0.125,0.77556,-1.05729,0.52194
" After Hermione catch up , Hermione wait until Hermione see Macnair leave the castle to retrieve the Dementors .",-0.5,1," 286",0,0.25,0,0,0,0.25,0.5,0,0.62,-0.805,0.73833
" He and Hermione then fly Buckbeak up to West Tower and rescue Sirius .",0.25,1," 287",0,0.25,0,0,0.25,0,0.25,0.25,0.90375,-0.765,0.34625
" Sirius and Harry say Sirius and Harry 's goodbyes before Sirius flies away on Buckbeak .",0,1," 288",0.5,0,0,0,0,0.5,0,0,0.985,-0.335,1.08
" -LCB- -LCB- dialogue a-b | Vernon | You have n't got a godfather !",0,1," 289",NA,NA,NA,NA,NA,NA,NA,NA,1.11,-1.78,0.2875
" | Harry | Yes , I have . He was my mum and dad 's best friend . He 's a convicted murderer , but he 's broken out of wizard prison and he 's on the run .",0,3," 290 291 292",0.235294117647059,0.0588235294117647,0.0588235294117647,0.235294117647059,0.0588235294117647,0.235294117647059,0.0588235294117647,0.0588235294117647,0.21393,-0.70964,-0.0275
" He likes to keep in touch with me , though ... keep up with my news ... check if I 'm happy ... | Harry telling Vernon about Sirius -RCB- -RCB-",0.3125,4," 293",0.2,0.2,0,0,0.2,0.2,0,0.2,1.46111,-0.83444,0.63778
" Harry and Hermione make it back to the hospital wing just in time for Albus to magically lock the door . Shortly afterwards , Severus bursts in , followed by Fudge and Albus , and accuses Harry of freeing Sirius .",-0.25,2," 294 295",0.222222222222222,0.222222222222222,0,0.111111111111111,0,0.333333333333333,0,0.111111111111111,0.42208,-0.86667,0.245
" Fudge assumes Severus is simply delirious because Severus 's chances of receiving the Order of Merlin have gone up in smoke .",0.1,1," 296",0,0.25,0,0,0.25,0.25,0.25,0,0.716,-0.648,0.6
" Fudge leaves to inform the Daily Prophet of the news and agrees to remove the Dementors from Hogwarts , since the Dementors ' attempt to perform the Dementor 's Kiss on Harry proves them to be more harmful than helpful .",1.85,1," 297",0.157894736842105,0.210526315789474,0.0526315789473684,0.105263157894737,0.105263157894737,0.157894736842105,0.0526315789473684,0.157894736842105,0.781,-0.85,0.625
" Shortly after they leave , Ronald wakes up from Ronald 's unconscious state . The next day , while most of the other students are at Hogsmeade , the trio learns that Remus is resigning because Severus told the Slytherin house Remus 's secret . Harry goes to see Remus and is unable to sway Remus 's mind , since Remus does not want to risk endangering the students again .",-0.866666666666667,3," 298 299 300",0.111111111111111,0.222222222222222,0,0.111111111111111,0,0.333333333333333,0.111111111111111,0.111111111111111,0.58308,-0.87577,0.46154
" Remus confirms Harry 's suspicions that James 's Animagus form was indeed a stag .",-0.5,1," 301",0.5,0,0,0,0,0.5,0,0,0.214,-0.76,0.762
" Remus then gives Harry Harry 's Invisibility Cloak back , along with the Marauder 's Map , and leaves with Albus to catch Harry 's carriage .",0,1," 302",0.333333333333333,0,0,0,0,0.333333333333333,0.333333333333333,0,0.68625,-1.20188,0.4925
" Later , while talking with Albus , Harry confesses that Harry feels bad for not letting Remus and Sirius kill Peter , realising that Harry was the servant that would aid with Tom 's return from Trelawney 's prophecy . Albus reminds Harry that Harry saved Sirius , an innocent man , from a terrible fate . Furthermore , Peter owes a life debt to Harry for saving Harry , which Albus is sure will prove useful later on .",0.333333333333333,3," 303 304 305",0.238095238095238,0.0952380952380952,0.0952380952380952,0.142857142857143,0,0.333333333333333,0,0.0952380952380952,0.25179,-0.80784,0.36512
" Before Albus leaves , Albus mentions that Harry has some of Harry 's father 's qualities , which is why Harry 's Patronus took the form of Prongs .",0,1," 306",0.333333333333333,0,0,0,0,0.333333333333333,0,0.333333333333333,0.78875,-1.2775,0.62125
" At the end-of-the-year feast , Gryffindor wins both the Quidditch Cup and the House Cup .",0.5,1," 307",NA,NA,NA,NA,NA,NA,NA,NA,1.722,-0.996,1.208
" The students return to London aboard the Hogwarts Express .",0.25,1," 308",NA,NA,NA,NA,NA,NA,NA,NA,0.96333,-0.89,1.35667
" Hermione mentions to Harry and Ronald that Hermione gave up the Time-Turner because it caused Hermione 's too much stress .",-0.75,1," 309",0.333333333333333,0.333333333333333,0,0,0,0.333333333333333,0,0,0.0125,-1.145,0.0175
" Hermione has decided to drop Muggle Studies so Hermione can have a normal schedule again .",0,1," 310",NA,NA,NA,NA,NA,NA,NA,NA,0.49643,-1.64,0.91571
" Ronald announces that Ronald is planning to invite Harry to the Quidditch World Cup , since Ronald 's father can get them tickets from work . Ronald also has a telephone that Ronald can use to contact Harry now .",0.575,2," 311 312",0.181818181818182,0.181818181818182,0,0,0.0909090909090909,0.181818181818182,0.0909090909090909,0.272727272727273,0.80437,-1.23125,0.67937
" A tiny owl from Sirius then arrives on the train with a letter .",0,1," 313",0,1,0,0,0,0,0,0,0.916,-0.925,0.887
" In the letter , Sirius reveals that he is travelling far away from Hogwarts to avoid causing further problems and admits he bought Harry the Firebolt with Crookshanks ' help .",-0.4,1," 314",0.25,0.25,0,0.25,0,0.25,0,0,0.743,-0.9585,0.7665
" A separate section of the letter provides Harry with permission to visit Hogsmeade ; Harry knows Albus will accept it .",2.2,1," 315",0.333333333333333,0.333333333333333,0,0,0,0.333333333333333,0,0,0.70111,-1.39833,0.66944
" Sirius also mentions that the tiny owl is a gift for Ronald -LRB- later named Pigwidgeon by Ginevra -RRB- , since it is Sirius 's fault that Ronald no longer has a rat .",-0.5,1," 316",0,0.166666666666667,0.166666666666667,0.166666666666667,0.166666666666667,0.166666666666667,0.166666666666667,0,0.464,-1.12,0.206
" After arriving at King 's Cross , Ronald says Ronald will contact Harry about the finals of the Quidditch World Cup , and Harry heads back to Little Whinging with Vernon .",0.5,1," 317",0.4,0,0,0.2,0,0.4,0,0,0.7475,-1.17083,0.495
" Harry is happy Harry now has a true family member to depend on and mentions to Vernon that Harry has a godfather who had escaped from wizard prison and likes to check up on Harry .",1.4,1," 318",0.153846153846154,0.230769230769231,0,0.153846153846154,0.0769230769230769,0.153846153846154,0.0769230769230769,0.153846153846154,1.095,-0.98187,0.66688
